code,description,message,cause,troubleshooting,component,equipment,,,
11000,산란광 측정값이 설정된 알람 임계값에 도달하면 이 메시지가 활성화됩니다.,산란광 값이 너무 높음,"1. 보호 유리에 이물질이 축적됨
2. 광섬유가 오염되었거나 결함이 있거나 손상됨
3. 제어 보드 또는 광학부의 평가 전자회로 이상
4. 광학부와 제어 보드 간 연결 불량","1. 보호 유리의 오염 여부를 확인하십시오. 필요 시 청소하거나 교체하십시오.
2. 광섬유의 오염 여부를 확인하십시오. 필요 시 청소하거나 교체하십시오.
3. 문제가 지속되면 해당 IPG 서비스 부서에 문의하십시오.",보호 유리/프로세스 파이버,Picker,,,
12000,산란광 측정값이 설정된 알람 임계값에 도달하면 이 메시지가 활성화됩니다.,산란광 값이 너무 높음,"1. 보호 유리에 이물질이 축적됨
2. 광섬유가 오염되었거나 결함이 있거나 손상됨
3. 제어 보드 또는 광학부의 평가 전자회로 이상
4. 광학부와 제어 보드 간 연결 불량","1. 보호 유리의 오염 여부를 확인하십시오. 필요 시 청소하거나 교체하십시오.
2. 광섬유의 오염 여부를 확인하십시오. 필요 시 청소하거나 교체하십시오.
3. 문제가 지속되면 해당 IPG 서비스 부서에 문의하십시오.",보호 유리/프로세스 파이버,Picker,,,
11002,용접 광학부의 센서가 보호 유리 또는 보호 유리 홀더가 장착되지 않았음을 감지하면 이 메시지가 활성화됩니다.,보호 유리 장착 안 됨,"1. 보호 유리 또는 보호 유리 홀더가 용접 광학부에 장착되어 있지 않음
2. 보호 유리 홀더와 광학부 간 전기적 접촉 이상
3. 용접 광학부 인터페이스와 제어 보드의 전기 연결 ASZ-A1-X1 사이의 연결 케이블 이상","1. 다음 항목을 확인하십시오:보호 유리홀더와보호 유리가 용접 광학부에 장착되어 있는지 확인하십시오. 필요 시보호 유리를 삽입하고보호 유리홀더를 닫으십시오.
2. 용접 광학부 인터페이스로 가는 케이블 연결을 확인하십시오.
3. 연결 케이블의 연속성 시험을 수행하고 필요 시 광학부를 교체하십시오.",보호 유리,Picker,,,
11003,하부 프레셔 피스 홀더의 온도 센서가 경고 한계 온도를 초과했다고 보고하면 이 메시지가 활성화됩니다.,프레셔 피스 홀더 하부 온도,"1. 부적절한 용접 파라미터 선택 시 하부 프레셔 피스 홀더가 과열될 수 있음
2. 하부 프레셔 피스의 냉각 이상
3. 온도 센서 불량","1. 설정된 프로그램 파라미터를 확인하고 필요 시 조정하십시오.
2. 하부 프레셔 피스의 냉각 상태를 확인하고 물 호스가 꺾이지 않았는지 확인하십시오. 필요 시 원인을 수정하십시오.
3. 온도 센서의 동작을 확인하고 필요 시 교체하십시오.
4. 문제가 지속되면 해당 IPG 서비스 부서에 문의하십시오.",프레셔 피스,Picker,,,
11004,레이저 용접 툴(Picker/C-gun)의 흡입 장치의 흡입력이 경고 임계값 이하로 떨어지면 이 메시지가 활성화됩니다.,"흡입력, 용접 툴","1. 흡입 라인이 꺾이거나 분리됨
2. 흡입 시스템의 필터 또는 흡입 라인이 막힘
3. 프레셔 피스, 흡입 호스 또는 레이저 용접 툴(Picker/C-gun)의 샤프트가 막힘
4. 흡입 장치 이상
5. 공정 값에 대한 한계값 설정 오류
6. 센서 이상","1. 흡입 라인이 꺾이거나 분리되었는지 확인하십시오. 필요 시 바로잡고 로봇 이동 중 꺾이거나 분리되지 않도록 하십시오.
2. 메뉴Suction의External탭에서 필터 상태를 확인하고 필요 시 교체하십시오.
3. Clean버튼을 메뉴Suction의External탭에서 클릭하십시오.
4. 필요 시 프레셔 피스와 흡입 라인을 수동으로 청소하고 (프레셔 피스 및 흡입관 수동 청소) 샤프트도 (샤프트 청소) 청소하십시오.
5. 흡입 장치의 오류를 확인하고 문제를 수정하십시오.
6. 필요 시 흡입 호스를 교체하십시오.",프레셔 피스/샤프트/석션 파이프,Picker,,,
11004,레이저 용접 툴(Picker/C-gun)의 흡입 장치의 흡입력이 경고 임계값 이하로 떨어지면 이 메시지가 활성화됩니다.,"흡입력, 용접 툴","1. 흡입 라인이 꺾이거나 분리됨
2. 흡입 시스템의 필터 또는 흡입 라인이 막힘
3. 프레셔 피스, 흡입 호스 또는 레이저 용접 툴(Picker/C-gun)의 샤프트가 막힘
4. 흡입 장치 이상
5. 공정 값에 대한 한계값 설정 오류
6. 센서 이상","1. 흡입 라인이 꺾이거나 분리되었는지 확인하십시오. 필요 시 바로잡고 로봇 이동 중 꺾이거나 분리되지 않도록 하십시오.
2. 메뉴Suction의External탭에서 필터 상태를 확인하고 필요 시 교체하십시오.
3. Clean버튼을 메뉴Suction의External탭에서 클릭하십시오.
4. 필요 시 프레셔 피스와 흡입 라인을 수동으로 청소하고 (프레셔 피스 및 흡입관 수동 청소) 샤프트도 (샤프트 청소) 청소하십시오.
5. 흡입 장치의 오류를 확인하고 문제를 수정하십시오.
6. 필요 시 흡입 호스를 교체하십시오.",석션 호스/석션 모터,Fumator,,,
11005,용접 툴의 압력 컨트롤러에 있는 압력 센서가 공기 압력이 너무 낮다고 보고하면 이 메시지가 활성화됩니다.,레이저 용접 툴(Picker/C-gun) 공기 압력,"1. 압축 공기 연결부에서 누설 발생
2. 압축 공기 호스가 꺾임
3. LSS 컨트롤러의 에어 유지 장치에 있는 차단 밸브가 완전히 열리지 않음
4. 작업자에 의해 공기 압력이 설정되지 않음","1. 레이저 용접 툴(Picker/C-gun)과 LSS 컨트롤러의 압축 공기 연결부에서 누설이 있는지 확인하고 필요 시 수리하십시오.
2. 작업자 측 압축 공기 라인과 LSS 컨트롤러와 레이저 용접 툴(Picker/C-gun) 사이의 라인이 꺾여 있는지 확인하십시오. 필요 시 바로잡고, 로봇 이동 중 꺾이지 않도록 하십시오.
3. 에어 유지 장치의 차단 밸브 빨간 레버가 완전히 열림 위치에 있는지 확인하십시오.
4. 공기 공급 입력 라인(LSS 컨트롤러의 에어 유지 장치)에 압축 공기가 연결되어 있는지 확인하십시오.",에어 시스템,LSS Controller/Picker,,,
11006,LSS 컨트롤러의 에어 유지 장치에 있는 공기 유량 센서가 공기 유량이 너무 낮다고 보고하면 이 메시지가 활성화됩니다.,공기 유량 컨트롤러,"1. 압축 공기 연결부에서 누설 발생
2. 압축 공기 호스가 꺾임
3. LSS 컨트롤러의 에어 유지 장치에 있는 차단 밸브가 완전히 열리지 않음
4. 작업자에 의해 공기 압력이 설정되지 않음","1. 레이저 용접 툴(Picker/C-gun)과 LSS 컨트롤러의 압축 공기 연결부에서 누설이 있는지 확인하고 필요 시 수리하십시오.
2. 작업자 측 압축 공기 라인과 LSS 컨트롤러와 레이저 용접 툴(Picker/C-gun) 사이의 라인이 꺾여 있는지 확인하십시오. 필요 시 바로잡고, 로봇 이동 중 꺾이지 않도록 하십시오.
3. 에어 유지 장치의 차단 밸브 빨간 레버가 완전히 열림 위치에 있는지 확인하십시오.
4. 공기 공급 입력 라인(LSS 컨트롤러의 에어 유지 장치)에 압축 공기가 연결되어 있는지 확인하십시오.",에어 시스템,LSS Controller/Picker,,,
11007,"레이저 용접 툴(Picker/C-gun)의 스트로크 횟수가 950회 용접을 초과했으며, 그 동안 프레셔 피스 형상 점검이 수행되지 않았거나 프레셔 피스가 교체되지 않았거나 LSS 시스템이 재시작되지 않은 경우 이 메시지가 활성화됩니다.",프레셔 피스 형상 점검,"1. 950회 용접 이후 형상 점검이 정상적으로 수행되지 않음
2. 프레셔 피스가 교체되었거나 결함이 있음
3. LSS 시스템이 재시작됨","1. 프레셔 피스의 손상 여부를 확인하십시오.
2. 형상 점검 장치를 사용하여 프레셔 피스의 형상을 확인하십시오.",프레셔 피스,Picker,,,
11202,"레이저 모듈의 동작 온도가 경고 한계값인 33°C에 도달하면 이 메시지가 활성화됩니다. 과열된 레이저 모듈은 차단되며, 레이저 출력은 계속 유지되지만 출력이 감소된 상태로 동작합니다. 과열된 레이저 모듈의 온도가 32°C로 낮아지면 모듈이 다시 켜지며 레이저 출력은 정상 출력으로 복구됩니다.",레이저 모듈 과열,"1. 공업용수(하우스 워터)의 온도 및/또는 유량이 기술 사양 범위를 벗어남
2. 모듈 냉각수 공급 중단(예: 호스 꺾임 또는 막힘)
3. 칠러 파라미터 설정 오류","1. 공업용수 시스템의 온도와 압력을 확인하고 이상이 있는 경우 조치하십시오.
2. 레이저 칠러의 수위 상태를 확인하고 필요 시 물을 보충하십시오.
3. 레이저 모듈 후면과 레이저 내부의 호스 연결 상태를 확인하십시오.
4. 레이저 칠러 파라미터 점검을 위해 담당 IPG 서비스 부서에 문의하십시오.",공업용수/냉각 호스,Customer/LSS Controller,,,
11204,메인 컨트롤과 레이저 모듈 중 하나의 연결이 끊어지면 이 메시지가 활성화됩니다.,레이저 모듈 연결 끊김,"1. 레이저 모듈과 메인 컨트롤 간 통신 케이블이 연결되지 않았거나 손상됨.
2. 레이저 모듈 내부 오류","1. 레이저 모듈과 메인 컨트롤 간 통신 케이블이 정상적으로 연결되어 있고 손상되지 않았는지 확인하십시오.
2. 문제가 지속되면 해당 IPG 서비스 부서에 문의하십시오.",레이저 모듈/MCU,LSS Controller,,,
11208,이전에 활성화되어 있던 레이저 모듈이 작업자에 의해 비활성화되면 이 메시지가 활성화됩니다.,활성 레이저 모듈 수 감소,1. 하나 이상의 레이저 모듈이 작업자에 의해 비활성화됨,"1. 메뉴Controller로 이동하여Laser탭을 열고LaserNet버튼을 클릭하십시오.
2. LaserNet 프로그램에서Modules탭으로 이동하여 체크 박스를 통해 비활성화된 레이저 모듈을 다시 활성화하십시오.",레이저 모듈,LSS Controller,,,
11209,전체 레이저 모듈의 평균 온도가 경고 임계값 이하일 경우 이 메시지가 활성화됩니다.,레이저 온도 낮음,"1. 레이저 칠러의 파라미터 설정 오류
2. 레이저가 장시간 꺼진 상태로 저온 환경에 노출됨","1. 레이저 칠러 파라미터 점검을 위해 담당 IPG 서비스 부서에 문의하십시오.
2. 레이저 칠러를 켜고 물 펌프에서 발생하는 잔열로 냉각수와 레이저 모듈이 필요한 온도에 도달할 때까지 기다리십시오.",설정 파라미터,LCI Chiller,,,
11212,레이저 모듈 내부의 레이저 다이오드 라인 중 하나에서 과전류가 감지되면 이 메시지가 활성화됩니다.,레이저 모듈 전류 이상,1. 레이저 모듈 이상,1. 문제 해결을 위해 담당 IPG 서비스 부서에 문의하십시오.,레이저 모듈,LSS Controller,,,
11213,레이저 모듈에서 마이너스 극(−)과 접지(GND) 사이의 전압이 경고 임계값을 초과하면 이 메시지가 활성화됩니다.,예기치 않은 접지 누설,1. 레이저 모듈 내부에서 마이너스 극(–)과 접지(GND) 사이의 전압이 한계값을 초과함.,"1. 먼저 어떤 레이저 모듈에서 오류가 발생하는지 확인하십시오. 이를 위해 LSS 컨트롤러의 우측 패널을 분리하십시오.
2. FM1부터 첫 번째 레이저 모듈의 안전 퓨즈를 차단하십시오 (섹션Electrical mounting plates in the LSS controller참조).
3. 알람 Unexpected ground leakage가 사라지지 않으면 다음 안전 퓨즈를 차단하십시오.
4. 메시지가 계속 표시되는지 확인하십시오.
5. 알람Unexpected ground leakage가 사라질 때까지 이 과정을 반복하십시오.
6. 문제를 일으키는 레이저 모듈의 안전 퓨즈는 차단 상태로 유지하십시오. 다른 모듈의 안전 퓨즈는 다시 연결할 수 있습니다.
7. 해당 레이저 모듈 문제 해결을 위해 담당 IPG 서비스 부서에 문의하십시오.",레이저 모듈,LSS Controller,,,
11214,이슬점 온도가 일정 시간 동안 가장 낮은 온도의 레이저 모듈 온도보다 낮을 경우 이 메시지가 활성화됩니다.,이슬점 온도 높음,"1. 컨트롤러 캐비닛 내부 습도가 높음
2. 레이저 모듈 또는 전원 공급 장치의 온도가 너무 낮음","1. 레이저를 장시간 정지 후 다시 켠 경우, 칠러의 물 펌프에서 발생하는 열로 물과 레이저 모듈 및 전원 공급 장치가 가열되기까지 몇 분이 걸릴 수 있습니다. 예를 들어 물 탱크 전체를 10°C에서 19°C까지 가열하는 데 약 45분이 소요됩니다.
2. 문제가 지속되면 해당 IPG 서비스 부서에 문의하십시오.",캐비닛 습도/2X TEC,LSS Controller,,,
11216,레이저 모듈의 이슬점 센서와 LSS 메인 컨트롤 간 통신 오류가 발생하면 이 메시지가 활성화됩니다.,이슬점 모니터 통신 없음,"1. 레이저 모듈과 메인 컨트롤 간 통신 케이블이 연결되지 않았거나 손상됨.
2. 이슬점 센서 불량","1. 레이저 모듈과 메인 컨트롤 간 통신 케이블이 정상적으로 연결되어 있고 손상되지 않았는지 확인하십시오.
2. 문제가 지속되면 해당 IPG 서비스 부서에 문의하십시오.",이슬점 센서,LSS Controller,,,
11217,전원 회로에 전압이 공급되지 않으면 이 메시지가 활성화됩니다.,레이저 모듈 전원 전압 준비 안 됨,"1. 메인 전원 공급이 켜지지 않음
2. 모듈의 안전 퓨즈가 차단됨","1. 레이저 전원 공급 장치가 켜져 있는지 확인하십시오.
2. LaserNet의Modules탭에서 모듈 상태(배경색: 빨간색 또는 회색)를 확인하십시오.
3. 빨간색으로 표시된 모든 모듈의 안전 퓨즈를 확인하십시오.
4. 문제가 지속되면 해당 IPG 서비스 부서에 문의하십시오.",파워 서플라이,LSS Controller,,,
11306,레이저 칠러의 물 탱크 수위가 너무 낮을 경우 이 메시지가 활성화됩니다.,물 탱크 수위,"1. 수로(워터 회로) 누설
2. 증발","1. 수로의 누설 여부를 확인하고 누설이 있을 경우 조치하십시오.
2. 레이저 칠러의 물 수위를 확인하고 필요 시 보충하십시오.",물 탱크,LCI Chiller,,,
11314,증발 온도 및 이에 따른 증발 압력이 임계 범위 내에 있을 경우 이 경고가 활성화됩니다.,냉매 압력 낮음,"1. 냉각수 온도가 낮아 응축 압력이 낮음
2. 냉각수 유량 설정 오류
3. 팽창 밸브 이상
4. 냉매 부족
5. 냉각수 유량 설정 오류
6. 레이저 회로 내 물 흐름이 없거나 부족",상태 메시지,냉매/공업용수/팽창 밸브,LCI Chiller,,,
11315,응축 압력이 임계 범위 내에 있을 경우 이 경고가 활성화됩니다.,냉매 압력 높음,"1. 공업용수 유량이 너무 낮음
2. 공업용수 온도가 지정된 운전 한계를 초과함","1. 고객 수배관의 밸브를 확인하고 모두 열려 있는지 확인하십시오.
2. 제품의 공업용수 연결부가 열려 있는지 확인하십시오.
3. 스트레이너의 오염 여부를 확인하고 필요 시 교체하십시오.
4. 냉각수 유량 조절기의 설정을 확인하십시오 (목표 유량은 기술 데이터 참조).
5. 레이저 칠러의 운전 한계 조건을 준수하고 있는지 확인하십시오 (제공된 기술 자료 참조).",공업용수/냉각 호스,LCI Chiller,,,
12002,용접 광학부의 센서가 보호 유리 또는 보호 유리 홀더가 장착되지 않았음을 감지하면 이 메시지가 활성화됩니다.,보호 유리 장착 안 됨,"1. 보호 유리 또는 보호 유리 홀더가 용접 광학부에 장착되어 있지 않음
2. 보호 유리 홀더와 광학부 간 전기적 접촉 이상
3. 용접 광학부 인터페이스와 제어 보드의 전기 연결 ASZ-A1-X1 사이의 연결 케이블 이상","1. 다음 항목을 확인하십시오:보호 유리홀더와보호 유리가 용접 광학부에 장착되어 있는지 확인하십시오. 필요 시보호 유리를 삽입하고보호 유리홀더를 닫으십시오.
2. 용접 광학부 인터페이스로 가는 케이블 연결을 확인하십시오.
3. 연결 케이블의 연속성 시험을 수행하고 필요 시 광학부를 교체하십시오.",보호 유리,Picker,,,
12003,하부 프레셔 피스 홀더의 온도 센서가 알람 한계 온도를 초과했다고 보고하면 이 메시지가 활성화됩니다.,프레셔 피스 홀더 하부 온도,"1. 부적절한 용접 파라미터 선택 시 하부 프레셔 피스 홀더가 과열될 수 있음
2. 하부 프레셔 피스의 냉각 이상
3. 온도 센서 불량","1. 설정된 프로그램 파라미터를 확인하고 필요 시 조정하십시오.
2. 하부 프레셔 피스의 냉각 상태를 확인하고 물 호스가 꺾이지 않았는지 확인하십시오. 필요 시 원인을 수정하십시오.
3. 온도 센서의 동작을 확인하고 필요 시 교체하십시오.
4. 문제가 지속되면 해당 IPG 서비스 부서에 문의하십시오.",프레셔 피스/냉각 호스/온도 센서,Picker,,,
12004,레이저 용접 툴(Picker/C-gun)의 흡입 장치의 흡입력이 알람 임계값 이하로 떨어지면 이 메시지가 활성화됩니다.,"흡입력, 용접 툴","1. 흡입 라인이 꺾이거나 분리됨
2. 흡입 시스템의 필터 또는 흡입 라인이 막힘
3. 프레셔 피스, 흡입 호스 또는 레이저 용접 툴(Picker/C-gun)의 샤프트가 막힘
4. 흡입 장치 이상
5. 공정 값에 대한 한계값 설정 오류
6. 센서 이상","1. 흡입 라인이 꺾이거나 분리되었는지 확인하십시오. 필요 시 바로잡고 로봇 이동 중 꺾이거나 분리되지 않도록 하십시오.
2. 메뉴Suction의External탭에서 필터 상태를 확인하고 필요 시 교체하십시오.
3. Clean버튼을 메뉴Suction의External탭에서 클릭하십시오.
4. 필요 시 프레셔 피스와 흡입 라인을 수동으로 청소하고 (프레셔 피스 및 흡입관 수동 청소) 샤프트도 (샤프트 청소) 청소하십시오.
5. 흡입 장치의 오류를 확인하고 문제를 수정하십시오.
6. 필요 시 흡입 호스를 교체하십시오.
7. 메뉴Config를Suction의External탭에서 열어 설정된 범위를 벗어난 파라미터를 확인하고 필요 시 적절한 한계값을 설정하십시오.
8. 문제가 지속되면 해당 IPG 서비스 부서에 문의하십시오.",프레셔 피스/샤프트/석션 파이프/석션 호스,Picker,,,
12004,레이저 용접 툴(Picker/C-gun)의 흡입 장치의 흡입력이 알람 임계값 이하로 떨어지면 이 메시지가 활성화됩니다.,"흡입력, 용접 툴","1. 흡입 라인이 꺾이거나 분리됨
2. 흡입 시스템의 필터 또는 흡입 라인이 막힘
3. 프레셔 피스, 흡입 호스 또는 레이저 용접 툴(Picker/C-gun)의 샤프트가 막힘
4. 흡입 장치 이상
5. 공정 값에 대한 한계값 설정 오류
6. 센서 이상","1. 흡입 라인이 꺾이거나 분리되었는지 확인하십시오. 필요 시 바로잡고 로봇 이동 중 꺾이거나 분리되지 않도록 하십시오.
2. 메뉴Suction의External탭에서 필터 상태를 확인하고 필요 시 교체하십시오.
3. Clean버튼을 메뉴Suction의External탭에서 클릭하십시오.
4. 필요 시 프레셔 피스와 흡입 라인을 수동으로 청소하고 (프레셔 피스 및 흡입관 수동 청소) 샤프트도 (샤프트 청소) 청소하십시오.
5. 흡입 장치의 오류를 확인하고 문제를 수정하십시오.
6. 필요 시 흡입 호스를 교체하십시오.
7. 메뉴Config를Suction의External탭에서 열어 설정된 범위를 벗어난 파라미터를 확인하고 필요 시 적절한 한계값을 설정하십시오.
8. 문제가 지속되면 해당 IPG 서비스 부서에 문의하십시오.",석션 호스/석션 모터,Fumator,,,
12008,LSS 컨트롤러와 로봇/외부 작업자 제어기 간 통신이 없는 경우 이 메시지가 활성화됩니다.,외부 제어 통신,1. 네트워크 통신 오류,"1. LSS 컨트롤러와 로봇/외부 작업자 제어기 간 연결 라인을 확인하고 필요 시 문제를 조치하십시오.
2. 로봇/외부 작업자 제어기의 인터페이스 설정을 확인하십시오",통신 케이블(XPEIP A),LSS Controller,,,
12008,LSS 컨트롤러와 로봇/외부 작업자 제어기 간 통신이 없는 경우 이 메시지가 활성화됩니다.,외부 제어 통신,1. 네트워크 통신 오류,"1. LSS 컨트롤러와 로봇/외부 작업자 제어기 간 연결 라인을 확인하고 필요 시 문제를 조치하십시오.
2. 로봇/외부 작업자 제어기의 인터페이스 설정을 확인하십시오",통신 케이블(XPEIP A),Robot,,,
12009,LSS 컨트롤러와 레이저 용접 툴(Picker/C-gun) 제어 간 통신이 없는 경우 이 메시지가 활성화됩니다.,레이저 용접 툴 통신,"1. LSS 컨트롤러와 레이저 용접 툴 제어 간 제어 라인 이상
2. 레이저 용접 툴 제어 보드 이상
3. LSS 컨트롤러 이상","1. LSS 컨트롤러와 레이저 용접 툴 간 연결 및 제어 라인을 확인하고 필요 시 문제를 조치하십시오.
2. 문제가 지속되면 해당 IPG 서비스 부서에 문의하십시오.",통신 케이블(1XLZ1),LSS Controller,,,
12009,LSS 컨트롤러와 레이저 용접 툴(Picker/C-gun) 제어 간 통신이 없는 경우 이 메시지가 활성화됩니다.,레이저 용접 툴 통신,"1. LSS 컨트롤러와 레이저 용접 툴 제어 간 제어 라인 이상
2. 레이저 용접 툴 제어 보드 이상
3. LSS 컨트롤러 이상","1. LSS 컨트롤러와 레이저 용접 툴 간 연결 및 제어 라인을 확인하고 필요 시 문제를 조치하십시오.
2. 문제가 지속되면 해당 IPG 서비스 부서에 문의하십시오.",통신 케이블(1XLZ1),Picker,,,
12010,LSS 컨트롤러와 Z-Drive 컨트롤러 간 통신이 없는 경우 이 메시지가 활성화됩니다.,Z-Drive 제어 시스템 통신,"1. Z-Drive 제어와 제어 시스템 컨트롤러 간 CAN 통신 오류
2. LSS 컨트롤러와 제어 시스템 컨트롤러 간 엔코더 케이블 이상","1. Z-Drive 제어와 제어 시스템 컨트롤러 간 내부 모니터링 상태를 초기화하기 위해 LSS 컨트롤러를 재시작하십시오.
2. LSS 컨트롤러와 Z-Drive 컨트롤러 간 연결 및 제어 라인을 확인하고 필요 시 문제를 조치하십시오.
3. 문제가 지속되면 해당 IPG 서비스 부서에 문의하십시오.",Z-drive 컨트롤러/통신 케이블(1XG1 1XG2),LSS Controller,,,
12010,LSS 컨트롤러와 Z-Drive 컨트롤러 간 통신이 없는 경우 이 메시지가 활성화됩니다.,Z-Drive 제어 시스템 통신,"1. Z-Drive 제어와 제어 시스템 컨트롤러 간 CAN 통신 오류
2. LSS 컨트롤러와 제어 시스템 컨트롤러 간 엔코더 케이블 이상","1. Z-Drive 제어와 제어 시스템 컨트롤러 간 내부 모니터링 상태를 초기화하기 위해 LSS 컨트롤러를 재시작하십시오.
2. LSS 컨트롤러와 Z-Drive 컨트롤러 간 연결 및 제어 라인을 확인하고 필요 시 문제를 조치하십시오.
3. 문제가 지속되면 해당 IPG 서비스 부서에 문의하십시오.",통신 케이블(1XG1 1XG2),Picker,,,
12012,Z-Drive에서 하나 이상의 알람이 발생하면 이 메시지가 활성화됩니다.,Z-drive,"1. 모터 또는 엔코더 케이블 이상
2. 모터 이상
3. 컨트롤러 이상
4. 팔로잉 에러","1. 메뉴Welding tool에서Z-Drive탭을 열어 Z-Drive 컨트롤러의 상태 코드를 확인하십시오.
2. 해당 코드를 Z-drive 제조사(Parker Hannifin Corp)의 제품 문서와 비교하십시오.
3. 문제 해결을 위해 Parker 제품 문서에 설명된 절차에 따라 조치하십시오.
4. 문제가 지속되면 해당 IPG 서비스 부서에 문의하십시오.",Z-drive/통신 케이블(1XG1 1XG2),Picker,,,
12012,Z-Drive에서 하나 이상의 알람이 발생하면 이 메시지가 활성화됩니다.,Z-drive,"1. 모터 또는 엔코더 케이블 이상
2. 모터 이상
3. 컨트롤러 이상
4. 팔로잉 에러","1. 메뉴Welding tool에서Z-Drive탭을 열어 Z-Drive 컨트롤러의 상태 코드를 확인하십시오.
2. 해당 코드를 Z-drive 제조사(Parker Hannifin Corp)의 제품 문서와 비교하십시오.
3. 문제 해결을 위해 Parker 제품 문서에 설명된 절차에 따라 조치하십시오.
4. 문제가 지속되면 해당 IPG 서비스 부서에 문의하십시오.",통신 케이블(1XG1 1XG2),LSS Controller,,,
12013,Seam drive가 동작하지 않을 경우 이 메시지가 표시됩니다.,Seam drive,"1. Seam drive와의 통신 없음
2. 타이밍 벨트 이상
3. Seam drive(모터) 이상
4. 메뉴
5. Seam drive 기계적 간섭 또는 막힘","1. LSS 컨트롤러를TEST모드로 전환하고 접근 권한을Maintenance로 설정하십시오.
2. Welding tool창에서Seam drive탭을 선택하십시오. 표시되는 위치를 확인하고 Seam drive를 수동으로 구동하십시오.
3. 레이저 용접 툴 커버를 열고 벨트 손상 여부를 확인한 후 필요 시 교체하십시오.
4. 메뉴Welding tool에서Seam Drive탭을 열어 오류 코드를 확인하십시오. 해당 상태 코드를 IPG 서비스 부서에 전달하십시오.
5. Seam drive 이동 경로에 장애물이 있는지 확인하십시오.
6. 문제가 지속되면 해당 IPG 서비스 부서에 문의하십시오.",Seam drive/타이밍 벨트/Seam drive 이동경로,Picker,,,
12014,Wobble drive에서 누적 오류가 발생하면 이 메시지가 활성화됩니다.,Wobble drive,1. 메뉴Wobble drive탭(Welding tool메뉴)에서 오류 코드 확인,"1. 메뉴Welding tool에서Wobble Drive탭을 열어 Wobble drive의 오류 코드를 확인하십시오.
2. 오류 코드를 확인한 후 해당 내용을 IPG 서비스 부서에 전달하십시오.",Wobble drive,Picker,,,
12016,활성 용접 프로그램(번호 X)이 오류로 인해 중단되면 이 메시지가 활성화됩니다. 시작된 용접 작업이 오류 없이 완료되지 않았습니다.,프로그램 {0} 중단됨,1. 이 메시지는 항상 보다 상세한 원인을 설명하는 다른 메시지와 함께 표시됩니다.,"1. 메뉴Messages를 열고 어떤 다른 메시지가 발생했는지 확인하십시오.
2. 먼저 해당 메시지들의 원인을 해결한 후 메시지를 리셋하십시오.
3. 용접 프로그램을 다시 시작하십시오.",세이프티,LSS Controller,,,
12016,활성 용접 프로그램(번호 X)이 오류로 인해 중단되면 이 메시지가 활성화됩니다. 시작된 용접 작업이 오류 없이 완료되지 않았습니다.,프로그램 {0} 중단됨,1. 이 메시지는 항상 보다 상세한 원인을 설명하는 다른 메시지와 함께 표시됩니다.,"1. 메뉴Messages를 열고 어떤 다른 메시지가 발생했는지 확인하십시오.
2. 먼저 해당 메시지들의 원인을 해결한 후 메시지를 리셋하십시오.
3. 용접 프로그램을 다시 시작하십시오.",세이프티/제어 파라미터,Robot,,,
12017,로봇에서 전달되는 시작 신호(Start1및Start2)가 끊어지거나 신호 사이 간격이 500 ms를 초과할 경우 이 메시지가 활성화됩니다.,시작 신호 손실,"1. 신호Start 1과Start 2가 동시에 입력되지 않음
2. 신호Start 1과Start 2가 너무 일찍 해제됨","1. 두 개의 시작 신호를 동시에 입력하십시오.
2. 응답 신호Sequence completed가 출력될 때까지 두 개의 시작 신호를 유지하십시오.",Start 신호,Robot,,,
12018,LSS 컨트롤러 전원을 켠 후 클램핑 힘 평가용 출력 신호 점검이 정상적으로 완료되지 않으면 이 메시지가 활성화됩니다. 이 오류는 치명적인 오류로 리셋할 수 없습니다.,클램핑 힘 스위치 온 테스트,"1. LSS 컨트롤러 이상
2. 케이블 이상","1. LSS 컨트롤러를 몇 초 후 다시 껐다가 켜십시오.
2. 문제가 지속되면 해당 IPG 서비스 부서에 문의하십시오.",LSS Controller,LSS Controller,,,
12200,파이버 커플러의 센서가 파이버 커넥터 또는 피딩 파이버와의 접촉이 없음을 감지하면 이 메시지가 활성화됩니다.,피딩 파이버 인터록,"1. 피딩 파이버가 파이버 커플러에 삽입되지 않았거나 올바르게 연결되지 않음.
2. 파이버 리시버 온도가 너무 높음","1. 피딩 파이버가 파이버 커플러에 올바르게 삽입되어 있고 베요넷 잠금이 제대로 체결되었는지 확인하십시오.
2. 파이버 커플러의 파이버 리시버 온도를 확인하십시오. 온도가 70°C에 도달하면 파이버 수용부의 온도 센서가 안전 회로를 차단합니다.
3. 파이버 리시버 온도가 높은 경우 냉각수 유량을 확인하십시오.",Coupler/피딩 파이버,LSS Controller,,,
12200,파이버 커플러의 센서가 파이버 커넥터 또는 피딩 파이버와의 접촉이 없음을 감지하면 이 메시지가 활성화됩니다.,피딩 파이버 인터록,"1. 피딩 파이버가 파이버 커플러에 삽입되지 않았거나 올바르게 연결되지 않음.
2. 파이버 리시버 온도가 너무 높음","1. 피딩 파이버가 파이버 커플러에 올바르게 삽입되어 있고 베요넷 잠금이 제대로 체결되었는지 확인하십시오.
2. 파이버 커플러의 파이버 리시버 온도를 확인하십시오. 온도가 70°C에 도달하면 파이버 수용부의 온도 센서가 안전 회로를 차단합니다.
3. 파이버 리시버 온도가 높은 경우 냉각수 유량을 확인하십시오.",냉각수 유량,LCI Chiller,,,
12201,레이저 모듈의 동작 온도가 35°C에 도달하면 이 메시지가 표시됩니다. 모듈 온도가 32°C로 낮아지면 알람은 자동으로 리셋됩니다.,레이저 모듈 과열,1. 레이저 모듈로 공급되는 냉각수 유량이 부족함,"1. 수로에 꺾이거나 눌린 호스가 없는지 확인하십시오.
2. 칠러의 물 수위를 확인하십시오. 수위가 낮으면 냉각수를 보충하십시오.
3. 문제가 지속되면 해당 IPG 서비스 부서에 문의하십시오.",냉각 호스,LSS Controller,,,
12201,레이저 모듈의 동작 온도가 35°C에 도달하면 이 메시지가 표시됩니다. 모듈 온도가 32°C로 낮아지면 알람은 자동으로 리셋됩니다.,레이저 모듈 과열,1. 레이저 모듈로 공급되는 냉각수 유량이 부족함,"1. 수로에 꺾이거나 눌린 호스가 없는지 확인하십시오.
2. 칠러의 물 수위를 확인하십시오. 수위가 낮으면 냉각수를 보충하십시오.
3. 문제가 지속되면 해당 IPG 서비스 부서에 문의하십시오.",냉각 호스/물 탱크,LCI Chiller,,,
12202,반사된 레이저 방사량이 알람 임계값을 초과하면 이 메시지가 활성화됩니다. 이 문제가 반복될 경우 레이저가 손상될 수 있습니다.,반사광 과다,"1. 보호 유리에 오염 축적
2. 공작물에서 강한 반사 발생","1. 보호 유리를 청소하거나 교체하십시오.
2. 용접 소재에 맞게 초점 위치, 출력 및 공정 광학부의 설정 각도와 같은 공정 파라미터를 조정하십시오.
3. 고반사 재질 작업 시 공정 파라미터 조정에 대해 담당 IPG 서비스 부서에 문의하십시오.",보호 유리/옵틱 헤드/프로세스 파이버,Picker,,,
12205,내부 오류로 인해 이전에 활성화되어 있던 레이저 모듈이 비활성화되면 이 메시지가 표시됩니다.,레이저 모듈 이상,1. 레이저 모듈 이상,1. 해당 IPG 서비스 부서에 문의하십시오.,레이저 모듈,LSS Controller,,,
12207,캐비닛 내부 온도가 55°C 초과(기본 설정)에 도달하면 이 메시지가 표시됩니다. 이 알람은 레이저 동작에는 영향을 주지 않습니다. 이 정보는 로그 파일에 저장되며 레이저 운전 상태의 내부 분석을 위해 사용됩니다.,캐비닛 과열,"1. 전장부 과열
2. 센서 이상","1. 컨트롤러 전면의 키 스위치를 OFF로 전환하십시오.
2. 컨트롤러의 메인 스위치를 OFF 위치로 전환하십시오.
3. 컨트롤러 우측 커버를 제거하고 장착 플레이트 및 전기 부품에 육안상 손상이 있는지 확인하십시오.
4. 문제가 지속되면 해당 IPG 서비스 부서에 문의하십시오.",이슬점 센서/전장부,LSS Controller,,,
12217,Combiner 모듈에 오류가 발생하면 이 메시지가 표시됩니다.,Combiner,1. Combiner 모듈 이상,1. 문제 해결을 위해 담당 IPG 서비스 부서에 문의하십시오.,컴바이너,LSS Controller,,,
12218,펌프 전류 허용 신호가 출력되지 않았음에도 레이저 모듈에서 펌프 전류가 감지되면 이 메시지가 표시됩니다.,다이오드 펌프 전류 이상,1. 레이저 모듈 이상,"1. 어느 레이저 모듈에서 오류가 발생하는지 확인하십시오. 이를 위해 LSS 컨트롤러의 우측 패널을 분리하십시오.
2. FM1부터 첫 번째 레이저 모듈의 안전 퓨즈를 차단하십시오 (섹션Electrical mounting plates in the LSS controller참조).
3. 오류Unexpected diode pump current가 사라지지 않으면 다음 안전 퓨즈(FM2)를 차단하십시오.
4. 오류 메시지가 계속 표시되는지 확인하십시오.
5. 알람Unexpected diode pump current가 사라질 때까지 이 과정을 반복하십시오.
6. 문제를 일으키는 레이저 모듈의 안전 퓨즈는 차단 상태로 유지하여 나머지 모듈로 계속 작업할 수 있습니다. 다른 모듈의 안전 퓨즈는 다시 연결하십시오.
7. 결함이 있는 레이저 모듈 교체를 위해 담당 IPG 서비스 부서에 문의하십시오.",레이저 모듈,LSS Controller,,,
12219,컨트롤러 시작 시 수행되는 하드웨어 및 소프트웨어 점검이 정상적으로 완료되지 않으면 이 메시지가 표시됩니다.,초기화 오류,"1. 하드웨어 이상
2. 소프트웨어 오류","1. 컨트롤러 전면의 키 스위치를 OFF 위치로 전환한 후 잠시 기다렸다가 다시 ON으로 설정하여 LSS 컨트롤러를 재시작하십시오.
2. 오류 메시지가 계속 표시되면 해당 IPG 서비스 부서에 문의하십시오.",MCU,LSS Controller,,,
12220,레이저 모듈에서 마이너스 극(−)과 접지(GND) 사이의 전압이 알람 임계값을 초과하면 이 메시지가 표시됩니다.,다이오드 누설 전류 이상,1. 레이저 모듈 내부에서 마이너스 극(−)과 접지(GND) 사이 전압이 알람 임계값을 초과함,"1. 어느 레이저 모듈에서 오류가 발생하는지 확인하십시오. 이를 위해 LSS 컨트롤러의 우측 패널을 분리하십시오.
2. FM1부터 첫 번째 레이저 모듈의 안전 퓨즈를 차단하십시오 (섹션Electrical mounting plates in the LSS controller참조).
3. 알람 Unexpected diode leakage current가 사라지지 않으면 다음 퓨즈(FM2)를 차단하십시오.
4. 오류 메시지가 계속 표시되는지 확인하십시오.
5. 알람Unexpected diode leakage current가 사라질 때까지 이 과정을 반복하십시오.
6. 문제를 일으키는 레이저 모듈의 안전 퓨즈는 차단 상태로 유지하여 나머지 모듈로 계속 작업할 수 있습니다. 다른 모듈의 안전 퓨즈는 다시 연결하십시오.
7. 결함이 있는 레이저 모듈 교체를 위해 담당 IPG 서비스 부서에 문의하십시오.",레이저 모듈,LSS Controller,,,
12221,메인 컨트롤이 레이저 모듈 중 하나와의 연결을 상실하면 이 메시지가 표시됩니다.,레이저 모듈 연결 끊김,"1. 레이저 모듈과 메인 컨트롤 간 통신 케이블이 연결되지 않았거나 손상됨.
2. 레이저 모듈 내부 오류","1. 레이저 모듈과 메인 컨트롤 간 통신 케이블이 정상적으로 연결되어 있고 손상되지 않았는지 확인하십시오.
2. 문제가 지속되면 해당 IPG 서비스 부서에 문의하십시오.",레이저 모듈/통신 케이블(IG606 J9),LSS Controller,,,
12222,레이저 전원 공급 장치를 꺼도 방전이 지정된 시간 내에 완료되지 않으면 이 메시지가 활성화됩니다.,레이저 모듈 전원 전압,1. 전원 공급 장치 이상,1. 문제 해결을 위해 담당 IPG 서비스 부서에 문의하십시오.,파워 서플라이,LSS Controller,,,
12224,LSS 컨트롤러 내 레이저 모듈 영역의 누수 센서 중 하나가 물을 감지하면 이 메시지가 표시됩니다.,레이저 내부 누수,1. 누수 발생,"1. LSS 컨트롤러 커버를 제거하고 누수 부위를 확인하십시오.
2. 배관 및 호스 연결부의 누수 여부를 확인하십시오.
3. 누수가 없을 경우 두 개의 누수 센서 상태를 확인하십시오. 누수 센서는 LSS 컨트롤러의 레이저 모듈 영역에 위치합니다. 누수 센서의 노란색 LED가 켜져 있으면 정상 상태이며 동작 중임을 의미합니다. LED가 꺼져 있으면 누수 센서가 작동했거나 이상이 있는 상태입니다. 이 경우 누수 센서를 교체하십시오.",냉각 호스/누수 센서,LSS Controller,,,
12225,레이저에 매우 심각한 오류가 발생하면 이 메시지가 표시됩니다. 이 알람은Reset으로 해제할 수 없습니다.,레이저 치명적 오류,1. 레이저 치명적 오류,1. 문제 해결을 위해 담당 IPG 서비스 부서에 문의하십시오.,레이저 모듈/컴바이너/스플라이스 박스,LSS Controller,,,
12228,레이저 전원 공급 장치 또는 전원 모듈 중 하나에서 출력 전압이 공급되지 않을 경우 이 메시지가 표시됩니다. 이로 인해 레이저 출력은 정지됩니다.,전원 공급 장치 이상,1. 전원 공급 장치 이상,1. 문제가 지속되면 해당 IPG 서비스 부서에 문의하십시오.,파워 서플라이,LSS Controller,,,
12230,외부 400 VAC 전원 공급에 이상이 발생하면 이 메시지가 표시됩니다.,AC 전원 공급 중단,1. 전원 공급 중단,"1. 전원 공급 전압(400 VAC)을 확인하십시오
2. 퓨즈를 확인하십시오.
3. 문제가 지속되면 해당 IPG 서비스 부서에 문의하십시오.",공급 전원,Customer,,,
12238,LSS 컨트롤러 내부 온도가 70°C를 초과하면 이 오류 메시지가 표시됩니다. 한계 온도를 초과하면 레이저 전원 공급 장치는 자동으로 차단됩니다.,전원 공급 장치 과열,상태 메시지,1. 칠러가 정상적으로 동작 중인지 확인하고 오류 메시지가 있는지 점검하십시오.,냉각 호스/펌프,LCI Chiller,,,
12239,모든 레이저 모듈의 평균 온도가 18 °C 미만일 경우 이 메시지가 표시됩니다.,레이저 온도 낮음,상태 메시지,"1. 레이저 온도가 18°C 이상으로 상승하면 이 오류는 자동으로 리셋됩니다.
2. 칠러에 경고 또는 알람 메시지가 있는지 확인하십시오.",냉각 호스/펌프/히터,LCI Chiller,,,
12244,이슬점 온도가 가장 낮은 온도의 모듈 온도보다 4° 높게 15분 이상 유지될 경우 이 메시지가 표시됩니다.,이슬점 온도 높음,"1. 컨트롤러 캐비닛 내부 습도가 높음.
2. 레이저 모듈 또는 전원 공급 장치의 온도가 너무 낮음.","1. 레이저를 장시간 정지 후 다시 켠 경우, 칠러의 물 펌프에서 발생하는 열로 물과 레이저 모듈 및 전원 공급 장치가 가열되기까지 몇 분이 걸릴 수 있습니다. 예를 들어 물 탱크 전체를 10°C에서 19°C까지 가열하는 데 약 45분이 소요됩니다.
2. 문제가 지속되면 해당 IPG 서비스 부서에 문의하십시오.",2X TEC/냉각 호스,LSS Controller,,,
12253,안전 제어 장치와 LSS 제어 간 통신 오류가 발생하면 이 메시지가 표시됩니다.,안전 제어 통신,1. 안전 제어 장치와 LSS 제어 간 통신 케이블이 연결되지 않았거나 손상됨,"1. 안전 제어 장치와 LSS 제어 간 통신 케이블(CAN bus)이 정상적으로 연결되어 있고 손상되지 않았는지 확인하십시오.
2. LSS 시스템을 재시작하십시오.
3. 문제가 지속되면 해당 IPG 서비스 부서에 문의하십시오.",PILZ 세이프티 모듈,LSS Controller,,,
12307,통합 레이저 칠러의 물 탱크 수위가 너무 낮을 경우 이 메시지가 표시됩니다. 이 알람은 레이저 전원 공급 장치와 레이저 출력을 정지시킵니다. 문제가 해결되면 알람은 자동으로 리셋됩니다.,물 탱크 수위,"1. 누수로 인한 물 손실
2. 증발","1. 냉각 회로의 누수 여부를 확인하고 누설이 있을 경우 조치하십시오.
2. 해당 탱크의 물 수위를 확인하고 필요 시 보충하십시오.",냉각 호스/물 탱크,LCI Chiller,,,
12308,통합 레이저 칠러의 컴프레서에 오류가 발생하면 이 메시지가 표시됩니다.,Compressor,"1. 과전류로 인해 모터 보호 스위치가 동작함
2. 컴프레서의 상 감시 기능에 의해 레이저 칠러가 차단됨 (상 연결 상태 확인)
3. 컴프레서의 열 차단기 트립","1. 통합 레이저 칠러의 전원 연결을 확인하고 모든 상이 정상이며 올바른 순서로 연결되어 있는지 확인하십시오.
2. 문제 원인을 해결한 후 동작된 모터 보호 스위치의 로터리 노브를 다시 ON 위치로 설정하십시오.
3. 문제가 지속되면 해당 IPG 서비스 부서에 문의하십시오.",컴프레서/공급 전원,LCI Chiller,,,
12309,"응축 압력이 운전 압력 23 bar를 초과하면 이 메시지가 표시됩니다. 전자 제어는 컴프레서를 차단합니다. 또한, 전자 차단을 보호하기 위해 설정값을 초과할 경우 컴프레서를 차단하는 기계식 고압 스위치가 사용됩니다.",레이저 칠러 고압,"1. 공업용수 유량이 너무 낮음
2. 공급수 온도가 지정된 운전 한계 42°C를 초과함","1. 고객 수배관의 밸브가 모두 열려 있는지 확인하십시오.
2. 제품의 공업용수 연결부가 열려 있는지 확인하십시오.
3. 스트레이너의 오염 여부를 확인하고 필요 시 교체하십시오.
4. 냉각수 유량 조절기의 설정을 확인하십시오 (목표 유량은 기술 데이터 참조).
5. 레이저 칠러의 운전 한계 조건을 준수하고 있는지 확인하십시오 (제공된 사양 참조).
6. LSS 컨트롤러 우측 패널을 여십시오.
7. 통합 레이저 칠러의 고압 스위치에 있는 빨간 버튼을 눌러 오류를 리셋하십시오.",공업용수/냉각 호스,Customer,,,
12309,"응축 압력이 운전 압력 23 bar를 초과하면 이 메시지가 표시됩니다. 전자 제어는 컴프레서를 차단합니다. 또한, 전자 차단을 보호하기 위해 설정값을 초과할 경우 컴프레서를 차단하는 기계식 고압 스위치가 사용됩니다.",레이저 칠러 고압,"1. 공업용수 유량이 너무 낮음
2. 공급수 온도가 지정된 운전 한계 42°C를 초과함","1. 고객 수배관의 밸브가 모두 열려 있는지 확인하십시오.
2. 제품의 공업용수 연결부가 열려 있는지 확인하십시오.
3. 스트레이너의 오염 여부를 확인하고 필요 시 교체하십시오.
4. 냉각수 유량 조절기의 설정을 확인하십시오 (목표 유량은 기술 데이터 참조).
5. 레이저 칠러의 운전 한계 조건을 준수하고 있는지 확인하십시오 (제공된 사양 참조).
6. LSS 컨트롤러 우측 패널을 여십시오.
7. 통합 레이저 칠러의 고압 스위치에 있는 빨간 버튼을 눌러 오류를 리셋하십시오.",레귤레이터,LCI Chiller,,,
12310,증발 온도 및 이에 따른 증발 압력이 임계 범위(≤ 1.5 bar)에 있을 경우 이 메시지가 표시됩니다. 저압 스위치가 통합 레이저 칠러의 컴프레서를 차단합니다.,레이저 칠러 저압,"1. 낮은 물 온도로 인해 응축 압력이 너무 낮음
2. 냉각수 유량 설정 오류
3. 팽창 밸브 이상
4. 냉매 부족
5. 냉각수 유량 설정 오류
6. 레이저 회로에 물 흐름이 없거나 부족함","1. 고객 수배관의 냉각수 온도를 확인하십시오.
2. 고객 수배관의 밸브가 모두 열려 있는지 확인하십시오.
3. 제품의 공업용수 연결부가 열려 있는지 확인하십시오.
4. 스트레이너의 오염 여부를 확인하고 필요 시 교체하십시오.
5. 냉매 충전량이 충분한지 확인하십시오. 부족한 경우, 전문 냉동 기술자를 통해 누수 점검 후 냉매를 보충하십시오.",냉각 호스/공업용수,Customer,,,
12310,증발 온도 및 이에 따른 증발 압력이 임계 범위(≤ 1.5 bar)에 있을 경우 이 메시지가 표시됩니다. 저압 스위치가 통합 레이저 칠러의 컴프레서를 차단합니다.,레이저 칠러 저압,"1. 낮은 물 온도로 인해 응축 압력이 너무 낮음
2. 냉각수 유량 설정 오류
3. 팽창 밸브 이상
4. 냉매 부족
5. 냉각수 유량 설정 오류
6. 레이저 회로에 물 흐름이 없거나 부족함","1. 고객 수배관의 냉각수 온도를 확인하십시오.
2. 고객 수배관의 밸브가 모두 열려 있는지 확인하십시오.
3. 제품의 공업용수 연결부가 열려 있는지 확인하십시오.
4. 스트레이너의 오염 여부를 확인하고 필요 시 교체하십시오.
5. 냉매 충전량이 충분한지 확인하십시오. 부족한 경우, 전문 냉동 기술자를 통해 누수 점검 후 냉매를 보충하십시오.",냉매,LCI Chiller,,,
12312,증발 온도 및 이에 따른 증발 압력이 임계 범위에 있을 경우 이 오류 메시지가 표시됩니다. LSS 제어는 통합 레이저 칠러를 차단합니다.,냉매 압력 낮음,"1. 낮은 물 온도로 인해 응축 압력이 너무 낮음
2. 냉각수 유량 설정 오류
3. 팽창 밸브 이상
4. 냉매 부족
5. 냉각수 유량 설정 오류
6. 레이저 회로에 물 흐름이 없거나 부족함","1. 고객 수배관의 냉각수 온도를 확인하십시오.
2. 고객 수배관의 밸브가 모두 열려 있는지 확인하십시오.
3. 제품의 공업용수 연결부가 열려 있는지 확인하십시오.
4. 스트레이너의 오염 여부를 확인하고 필요 시 교체하십시오.
5. 냉매 충전량이 충분한지 확인하십시오. 부족한 경우, 전문 냉동 기술자를 통해 누수 점검 후 냉매를 보충하십시오.",냉각 호스/공업용수,Customer,,,
12312,증발 온도 및 이에 따른 증발 압력이 임계 범위에 있을 경우 이 오류 메시지가 표시됩니다. LSS 제어는 통합 레이저 칠러를 차단합니다.,냉매 압력 낮음,"1. 낮은 물 온도로 인해 응축 압력이 너무 낮음
2. 냉각수 유량 설정 오류
3. 팽창 밸브 이상
4. 냉매 부족
5. 냉각수 유량 설정 오류
6. 레이저 회로에 물 흐름이 없거나 부족함","1. 고객 수배관의 냉각수 온도를 확인하십시오.
2. 고객 수배관의 밸브가 모두 열려 있는지 확인하십시오.
3. 제품의 공업용수 연결부가 열려 있는지 확인하십시오.
4. 스트레이너의 오염 여부를 확인하고 필요 시 교체하십시오.
5. 냉매 충전량이 충분한지 확인하십시오. 부족한 경우, 전문 냉동 기술자를 통해 누수 점검 후 냉매를 보충하십시오.",냉매,LCI Chiller,,,
12313,응축 압력이 임계 범위에 있을 경우 이 메시지가 표시됩니다. LSS 제어는 통합 레이저 칠러를 차단합니다.,냉매 압력 높음,"1. 공업용수 유량이 너무 낮음
2. 공업용수 온도가 지정된 운전 한계를 초과함","1. 고객 수배관의 밸브가 모두 열려 있는지 확인하십시오.
2. 제품의 공업용수 연결부가 열려 있는지 확인하십시오.
3. 스트레이너의 오염 여부를 확인하고 필요 시 교체하십시오.
4. 냉각수 유량 조절기의 설정을 확인하십시오 (목표 유량은 제공된 기술 데이터 참조).
5. 레이저 칠러의 운전 한계 조건을 준수하고 있는지 확인하십시오 (기술 자료 참조).",공업용수/냉각 호스,Customer,,,
13001,외부에서 유효하지 않은 프로그램 번호가 요청되면 이 메시지가 활성화됩니다.,잘못된 프로그램 사전 선택,1. 외부 제어기(로봇)에서 존재하지 않는 프로그램 번호를 요청함.,1. 프로그램 번호를 확인하십시오.,프로그램 파라미터 설정,Robot,,,
13002,시퀀스 실행 중 유효하지 않은 프로그램 파라미터가 감지되면 이 메시지가 표시됩니다.,잘못된 프로그램 파라미터,1. 선택된 용접 프로그램의 파라미터가 허용 범위를 벗어남,1. 해당 프로그램의 파라미터를 확인하십시오.,프로그램 파라미터,LSS Controller,,,
13004,압력 센서가 보정 밸브의 압력이 너무 낮다고 감지하면 이 메시지가 활성화됩니다.,보정 밸브 공기 공급,"1. 압축 공기 연결부 누설
2. 압축 공기 호스 꺾임
3. LSS 컨트롤러 공기 유지 장치의 차단 밸브가 완전히 열려 있지 않음
4. 작업자가 공기 압력을 설정하지 않음","1. 레이저 용접 툴 및 LSS 컨트롤러의 압축 공기 연결부를 점검하고 누설이 있을 경우 조치하십시오.
2. 작업자측 압축 공기 라인 및 LSS 컨트롤러와 레이저 용접 툴 간 라인이 꺾여 있는지 확인하고 필요 시 교정하십시오. 또한 로봇 동작에 의해 공기 라인이 꺾이지 않도록 하십시오.
3. 공기 유지 장치의 차단 밸브에 있는 빨간 레버가 완전히 개방 위치에 있는지 확인하십시오.
4. 공기 공급 라인( LSS 컨트롤러의 공기 유지 장치 입력부)에 압축 공기가 정상적으로 연결되어 있는지 확인하십시오.",에어 시스템,Customer,,,
13004,압력 센서가 보정 밸브의 압력이 너무 낮다고 감지하면 이 메시지가 활성화됩니다.,보정 밸브 공기 공급,"1. 압축 공기 연결부 누설
2. 압축 공기 호스 꺾임
3. LSS 컨트롤러 공기 유지 장치의 차단 밸브가 완전히 열려 있지 않음
4. 작업자가 공기 압력을 설정하지 않음","1. 레이저 용접 툴 및 LSS 컨트롤러의 압축 공기 연결부를 점검하고 누설이 있을 경우 조치하십시오.
2. 작업자측 압축 공기 라인 및 LSS 컨트롤러와 레이저 용접 툴 간 라인이 꺾여 있는지 확인하고 필요 시 교정하십시오. 또한 로봇 동작에 의해 공기 라인이 꺾이지 않도록 하십시오.
3. 공기 유지 장치의 차단 밸브에 있는 빨간 레버가 완전히 개방 위치에 있는지 확인하십시오.
4. 공기 공급 라인( LSS 컨트롤러의 공기 유지 장치 입력부)에 압축 공기가 정상적으로 연결되어 있는지 확인하십시오.",에어 시스템/에어 차단 밸브,LSS Controller,,,
13005,LSS 컨트롤러가 레이저 전원 공급 장치를 켤 수 없다는 응답 신호를 수신하면 이 메시지가 표시됩니다. 현재 용접 프로그램은 중단됩니다.,레이저 전원 공급 장치 준비 안 됨,1. 안전 관련 신호가 없음,"1. Safety메뉴 창의Overview탭에서 안전 신호를 확인하십시오.
2. 용접 시퀀스 중 안전 관련 신호를 확인하십시오.
3. LaserNet소프트웨어에서 다른 메시지를 확인하십시오.
4. 문제가 지속되면 해당 IPG 서비스 부서에 문의하십시오.",세이프티,LSS Controller,,,
13006,레이저 출력이 불가능한 경우 이 메시지가 표시됩니다.,레이저 준비 안 됨,1. 안전 관련 신호가 없음,"1. Safety메뉴 창의Overview탭에서 안전 신호를 확인하십시오.
2. 용접 시퀀스 중 안전 관련 신호를 확인하십시오.
3. LaserNet소프트웨어에서 다른 메시지를 확인하십시오.
4. 문제가 지속되면 해당 IPG 서비스 부서에 문의하십시오.",세이프티,LSS Controller,,,
13007,Z-Drive가 PSo 위치에 도달하지 못할 경우 이 메시지가 활성화됩니다. Z-Drive 제어(Parker)에서 전달된 내부 상태 메시지입니다.,Z-Drive 프리 스트로크 열림,1. Z-Drive 제어 이상,"1. 레이저 용접 툴의 제어 케이블(엔코더 케이블, 모터 케이블) 연결 상태를 확인하십시오.
2. LSS 컨트롤러를TEST모드로 전환하고 접근 권한을Maintenance로 설정하십시오.
3. Welding tool창에서Z-drive탭을 선택하십시오. 표시되는 위치를 확인하고 Z-Drive를 수동으로 구동하십시오.
4. 선택된 프로그램의 설정값과 실제 위치를 확인하십시오.
5. 시스템을 재시작하십시오.
6. 문제가 지속되면 해당 IPG 서비스 부서에 문의하십시오.",Z-drive/통신 케이블(1XG1 1XG2),Picker,,,
13007,Z-Drive가 PSo 위치에 도달하지 못할 경우 이 메시지가 활성화됩니다. Z-Drive 제어(Parker)에서 전달된 내부 상태 메시지입니다.,Z-Drive 프리 스트로크 열림,1. Z-Drive 제어 이상,"1. 레이저 용접 툴의 제어 케이블(엔코더 케이블, 모터 케이블) 연결 상태를 확인하십시오.
2. LSS 컨트롤러를TEST모드로 전환하고 접근 권한을Maintenance로 설정하십시오.
3. Welding tool창에서Z-drive탭을 선택하십시오. 표시되는 위치를 확인하고 Z-Drive를 수동으로 구동하십시오.
4. 선택된 프로그램의 설정값과 실제 위치를 확인하십시오.
5. 시스템을 재시작하십시오.
6. 문제가 지속되면 해당 IPG 서비스 부서에 문의하십시오.",통신 케이블(1XG1 1XG2),LSS Controller,,,
13008,활성 프로그램에서 설정된 시작 위치에 Seam drive가 도달하지 못하면 이 메시지가 표시됩니다.,Seam drive 시작 위치,"1. Seam drive가 기계적으로 막힘
2. 파라미터 설정 오류","1. Seam drive 이동 경로가 물체에 의해 막혀 있는지 확인하십시오.
2. Config메뉴 창의Limits탭에서 입력된 시작 위치와 심 길이를 확인하십시오.
3. LSS 컨트롤러를TEST모드로 전환하고 접근 권한을Maintenance로 설정하십시오.
4. Welding tool창에서Seam drive탭을 선택하십시오. 표시되는 위치를 확인하고 Seam drive를 수동으로 구동하십시오.
5. 시스템을 재시작하십시오.
6. 문제가 지속되면 해당 IPG 서비스 부서에 문의하십시오.",Seam drive/타이밍 벨트/Seam drive 이동경로,Picker,,,
13009,활성 프로그램에서 설정된 종료 위치에 Seam drive가 도달하지 못하면 이 메시지가 표시됩니다.,Seam drive 종료 위치,"1. Seam drive가 기계적으로 막힘
2. 파라미터 설정 오류","1. Seam drive 이동 경로가 물체에 의해 막혀 있는지 확인하십시오.
2. Config메뉴 창의Limits탭에서 입력된 종료 위치와 심 길이를 확인하십시오.
3. LSS 컨트롤러를TEST모드로 전환하고 접근 권한을Maintenance로 설정하십시오.
4. Welding tool창에서Seam drive탭을 선택하십시오. 표시되는 위치를 확인하고 Seam drive를 수동으로 구동하십시오.
5. 시스템을 재시작하십시오.
6. 문제가 지속되면 해당 IPG 서비스 부서에 문의하십시오.",Seam drive/타이밍 벨트/Seam drive 이동경로,Picker,,,
13010,Wobble drive가 동작하지 않으면 이 메시지가 표시됩니다.,Wobble drive,1. Wobble drive 제어의 내부 오류 (Maxon 모터),"1. 시스템을 재시작하십시오.
2. 문제가 지속되면 해당 IPG 서비스 부서에 문의하십시오.",Wobble drive,Picker,,,
13011,Seam drive가 동작하지 않으면 이 메시지가 표시됩니다.,Seam drive,"1. Seam drive와의 통신 없음
2. 타이밍 벨트 손상
3. Seam drive(모터) 이상
4. Seam drive탭(Welding tool메뉴)에서 오류 코드 확인
5. Seam drive 기계적 막힘","1. LSS 컨트롤러를TEST모드로 전환하고 접근 권한을Maintenance로 설정하십시오.
2. Welding tool창에서Seam drive탭을 선택하십시오. 표시되는 위치를 확인하고 Seam drive를 수동으로 구동하십시오.
3. 레이저 용접 툴 커버를 열고 벨트 손상 여부를 확인한 후 필요 시 교체하십시오.
4. Welding tool메뉴의Seam Drive탭에서 오류 코드를 확인하십시오. 해당 상태 코드를 담당 IPG 서비스 부서에 전달하십시오.
5. Seam drive 이동 경로가 물체에 의해 막혀 있는지 확인하십시오.
6. 문제가 지속되면 해당 IPG 서비스 부서에 문의하십시오.",Seam drive/타이밍 벨트/Seam drive 이동경로,Picker,,,
13012,프로그램 실행 중 레이저 출력이 발생하지 않을 경우 이 메시지가 활성화됩니다.,레이저 출력 없음,1. 레이저 인에이블 신호 없음,"1. 상태 화면에서 모든 안전 신호가 OK로 설정되어 있는지 확인하십시오.
2. External창에서Robot탭을 선택하십시오. 외부 인터페이스 데이터에서 “No laser” 비트가 설정되어 있는지 확인하십시오.
3. 안전 인터페이스의 외부 레이저 인에이블 하드웨어 입력 신호를 확인하십시오.
4. 문제가 지속되면 해당 IPG 서비스 부서에 문의하십시오.",세이프티,LSS Controller,,,
13012,프로그램 실행 중 레이저 출력이 발생하지 않을 경우 이 메시지가 활성화됩니다.,레이저 출력 없음,1. 레이저 인에이블 신호 없음,"1. 상태 화면에서 모든 안전 신호가 OK로 설정되어 있는지 확인하십시오.
2. External창에서Robot탭을 선택하십시오. 외부 인터페이스 데이터에서 “No laser” 비트가 설정되어 있는지 확인하십시오.
3. 안전 인터페이스의 외부 레이저 인에이블 하드웨어 입력 신호를 확인하십시오.
4. 문제가 지속되면 해당 IPG 서비스 부서에 문의하십시오.",제어 파라미터,Robot,,,
13013,용접 시퀀스 중 레이저에서 오류가 발생하면 이 메시지가 활성화됩니다.,레이저 소스,1. 레이저 소스의 다중 오류 발생,"1. Controller메뉴에서Laser탭을 열고IO LaserNet버튼을 클릭하여 LaserNet 소프트웨어를 실행하십시오.
2. LaserNet메뉴에서 Alarms 탭으로 이동하여 어떤 알람이 활성화되어 있는지 확인하십시오.
3. 가능한 경우 오류 원인을 조치하십시오.
4. 문제가 지속되면 해당 IPG 서비스 부서에 문의하십시오.",LSS Controller,LSS Controller,,,
13015,Z-Drive를 제어할 수 없는 경우 이 메시지가 활성화됩니다. Z-Drive 제어부에서 전달된 내부 상태 메시지입니다.,Z-drive 활성 상태 아님,1. 안전 신호 상태가 정상(OK)이 아님,"1. 모든 안전 회로가 정상적으로 닫혀 있는지 확인하십시오.
2. 문제가 지속되면 해당 IPG 서비스 부서에 문의하십시오.",세이프티,LSS Controller,,,
13016,Z-Drive가 “Work Stroke open” 위치에 도달하지 못할 경우 이 메시지가 활성화됩니다. Parker Z-Drive 제어부에서 전달된 내부 상태 메시지입니다.,Z-Drive 워크 스트로크 열림,1. Z-Drive 제어 이상,"1. 레이저 용접 툴의 제어 케이블(엔코더 케이블, 모터 케이블) 연결 상태를 확인하십시오.
2. LSS 컨트롤러를TEST모드로 전환하고 접근 권한을Maintenance로 설정하십시오.
3. Welding tool창에서Z-drive탭을 선택하십시오. 표시되는 위치를 확인하고 Z-Drive를 수동으로 구동하십시오.
4. 선택된 프로그램의 설정값과 실제 위치를 확인하십시오.
5. 시스템을 재시작하십시오.
6. 문제가 지속되면 해당 IPG 서비스 부서에 문의하십시오.",Z-drive/통신 케이블(1XG1 1XG2),Picker,,,
13016,Z-Drive가 “Work Stroke open” 위치에 도달하지 못할 경우 이 메시지가 활성화됩니다. Parker Z-Drive 제어부에서 전달된 내부 상태 메시지입니다.,Z-Drive 워크 스트로크 열림,1. Z-Drive 제어 이상,"1. 레이저 용접 툴의 제어 케이블(엔코더 케이블, 모터 케이블) 연결 상태를 확인하십시오.
2. LSS 컨트롤러를TEST모드로 전환하고 접근 권한을Maintenance로 설정하십시오.
3. Welding tool창에서Z-drive탭을 선택하십시오. 표시되는 위치를 확인하고 Z-Drive를 수동으로 구동하십시오.
4. 선택된 프로그램의 설정값과 실제 위치를 확인하십시오.
5. 시스템을 재시작하십시오.
6. 문제가 지속되면 해당 IPG 서비스 부서에 문의하십시오.",통신 케이블(1XG1 1XG2),LSS Controller,,,
13017,Start신호가 있는 상태에서도 5초 이내에 전원 공급 장치를 켤 수 없는 경우 이 메시지가 활성화됩니다.,전원 공급 장치 타임아웃 오류,1. 추가적인 오류가 존재함,"1. 추가로 발생한 오류가 있는지 확인하고 이를 우선적으로 해결하십시오.
2. 추가적인 오류가 없는 경우 LSS 시스템을 재시작하십시오.
3. 문제가 지속되면 해당 IPG 서비스 부서에 문의하십시오.",파워 서플라이/MCU,LSS Controller,,,
13018,Seam drive 모터는 동작하지만 진단용 엔코더에서 응답 신호가 없는 경우 이 메시지가 활성화됩니다.,Seam drive 이동 이상,"1. 타이밍 벨트 느슨함 또는 파손
2. 엔코더 이상","1. 레이저 용접 툴 커버를 열고 벨트 손상 여부를 확인하십시오. 필요 시 타이밍 벨트를 교체하십시오.
2. 문제가 지속되면 해당 IPG 서비스 부서에 문의하십시오.",Seam drive/타이밍 벨트/Encoder,Picker,,,
13020,LSS 제어와 클리닝 스테이션 또는 흡입 장치 간 통신 오류가 발생하면 이 메시지가 활성화됩니다.,장치 통신,1. LSS 제어와 클리닝 스테이션 또는 흡입 장치 간 통신 케이블이 연결되지 않았거나 손상됨,"1. LSS 제어와 클리닝 스테이션, 흡입 장치 제어 간 통신 케이블(CAN bus)이 정상적으로 연결되어 있고 손상되지 않았는지 확인하십시오.
2. 문제가 지속되면 해당 IPG 서비스 부서에 문의하십시오.",통신 케이블(XP3),LSS Controller,,,
13024,Permission신호가 존재하는 상태에서 용접 광학계의 센서가 보호 유리 또는 보호 유리 드로어가 장착되지 않았다고 감지하면 이 메시지가 활성화됩니다.,보호 유리 미장착,"1. 용접 광학계에 보호 유리 또는 보호 유리 드로어가 장착되지 않음
2. 보호 유리 드로어와 광학계 간 전기 접점 불량
3. 용접 광학계 인터페이스와 제어 보드의 전기 연결부(ASZ-A1-X1) 간 연결 케이블 이상","1. 보호 유리 드로어와 보호 유리가 용접 광학계에 장착되어 있는지 확인하십시오. 필요 시 보호 유리를 삽입하고 드로어를 완전히 닫으십시오.
2. 용접 광학계 인터페이스의 케이블 연결 상태를 확인하십시오.
3. 연결 케이블의 연속성 테스트를 수행하고 필요 시 케이블을 교체하십시오.",보호 유리,Picker,,,
13025,레이저 용접 툴이 닫힌 상태에서 센서 핀 1이 작업물 표면과 접촉하지 않으면 이 메시지가 표시됩니다.,센서 핀 1,"1. 작업물이 올바른 위치에 없음
2. 센서 핀 이상","1. 작업물의 위치를 확인하십시오.
2. 센서 핀의 손상 여부를 확인하십시오.
3. 필요 시 압력 부품을 교체하십시오.
4. 문제가 지속되면 해당 IPG 서비스 부서에 문의하십시오.",프레셔 피스,Picker,,,
13025,레이저 용접 툴이 닫힌 상태에서 센서 핀 1이 작업물 표면과 접촉하지 않으면 이 메시지가 표시됩니다.,센서 핀 1,"1. 작업물이 올바른 위치에 없음
2. 센서 핀 이상","1. 작업물의 위치를 확인하십시오.
2. 센서 핀의 손상 여부를 확인하십시오.
3. 필요 시 압력 부품을 교체하십시오.
4. 문제가 지속되면 해당 IPG 서비스 부서에 문의하십시오.",위치 티칭,Robot,,,
13026,레이저 용접 툴이 닫힌 상태에서 센서 핀 2가 작업물 표면과 접촉하지 않으면 이 메시지가 표시됩니다.,센서 핀 2,"1. 작업물이 올바른 위치에 없음
2. 센서 핀 이상","1. 작업물의 위치를 확인하십시오.
2. 센서 핀의 손상 여부를 확인하십시오.
3. 필요 시 압력 부품을 교체하십시오.
4. 문제가 지속되면 해당 IPG 서비스 부서에 문의하십시오.",프레셔 피스,Picker,,,
13026,레이저 용접 툴이 닫힌 상태에서 센서 핀 2가 작업물 표면과 접촉하지 않으면 이 메시지가 표시됩니다.,센서 핀 2,"1. 작업물이 올바른 위치에 없음
2. 센서 핀 이상","1. 작업물의 위치를 확인하십시오.
2. 센서 핀의 손상 여부를 확인하십시오.
3. 필요 시 압력 부품을 교체하십시오.
4. 문제가 지속되면 해당 IPG 서비스 부서에 문의하십시오.",위치 티칭,Robot,,,
13027,Channel 1에 설정된 힘 설정값(모터 전류로 산출)이 목표값에 도달하지 못할 경우 이 메시지가 활성화됩니다.,Z-drive 힘 평가,"1. Z-drive 제어 오류
2. 클램핑 힘 설정값 오류","1. Safety창에서Summary탭을 선택하십시오.Force안전 신호의 상태와 어떤 힘 채널에 이상이 있는지 확인하십시오.
2. Config창에서Limits탭을 선택하고 클램핑 힘 설정값이 적절한지 확인하십시오.
3. 문제가 지속되면 해당 IPG 서비스 부서에 문의하십시오.",포스 센서,Picker,,,
13027,Channel 1에 설정된 힘 설정값(모터 전류로 산출)이 목표값에 도달하지 못할 경우 이 메시지가 활성화됩니다.,Z-drive 힘 평가,"1. Z-drive 제어 오류
2. 클램핑 힘 설정값 오류","1. Safety창에서Summary탭을 선택하십시오.Force안전 신호의 상태와 어떤 힘 채널에 이상이 있는지 확인하십시오.
2. Config창에서Limits탭을 선택하고 클램핑 힘 설정값이 적절한지 확인하십시오.
3. 문제가 지속되면 해당 IPG 서비스 부서에 문의하십시오.",프로그램 파라미터,LSS Controller,,,
13028,안전 제어에서 외부 힘 센서 및/또는 Z-drive(내부 센서)의 힘 평가가 정상 상태가 아니라고 보고되면 이 메시지가 활성화됩니다.,힘 평가 총합,"1. Z-drive 제어 오류
2. 클램핑 힘 설정 오류
3. 힘 센서 보정(calibration) 미실행","1. Safety창에서Summary탭을 선택하십시오.Force안전 신호 상태와 어떤 힘 채널에 이상이 있는지 확인하십시오.
2. Config창에서Limits탭을 선택하고 클램핑 힘 설정값이 적절한지 확인하십시오.
3. 두 개의 힘 센서를 모두 재보정하십시오.
4. 문제가 지속되면 해당 IPG 서비스 부서에 문의하십시오.",위치 티칭,Robot,,,
13028,안전 제어에서 외부 힘 센서 및/또는 Z-drive(내부 센서)의 힘 평가가 정상 상태가 아니라고 보고되면 이 메시지가 활성화됩니다.,힘 평가 총합,"1. Z-drive 제어 오류
2. 클램핑 힘 설정 오류
3. 힘 센서 보정(calibration) 미실행","1. Safety창에서Summary탭을 선택하십시오.Force안전 신호 상태와 어떤 힘 채널에 이상이 있는지 확인하십시오.
2. Config창에서Limits탭을 선택하고 클램핑 힘 설정값이 적절한지 확인하십시오.
3. 두 개의 힘 센서를 모두 재보정하십시오.
4. 문제가 지속되면 해당 IPG 서비스 부서에 문의하십시오.",포스 센서,Picker,,,
13029,용접 시작 시점에 “Work Stroke closed” 위치에 도달하기 전임에도 센서 핀 중 하나 또는 둘 모두가 접촉 상태를 보고하면 이 메시지가 활성화됩니다.,센서 핀 타당성 검사,"1. 용접 스패터 등으로 인해 센서 핀이 상부 압력 부품과 단락 발생
2. 센서 핀 이상","1. 압력 부품과 센서 핀이 손상되었는지 확인하십시오.
2. 용접 스패터 등으로 센서 핀이 압력 부품 표면에 접촉되어 있는지 확인하십시오.
3. 원인을 제거할 수 없는 경우 압력 부품을 교체하십시오.
4. 문제가 지속되면 해당 IPG 서비스 부서에 문의하십시오.",프레셔 피스,Picker,,,
13029,용접 시작 시점에 “Work Stroke closed” 위치에 도달하기 전임에도 센서 핀 중 하나 또는 둘 모두가 접촉 상태를 보고하면 이 메시지가 활성화됩니다.,센서 핀 타당성 검사,"1. 용접 스패터 등으로 인해 센서 핀이 상부 압력 부품과 단락 발생
2. 센서 핀 이상","1. 압력 부품과 센서 핀이 손상되었는지 확인하십시오.
2. 용접 스패터 등으로 센서 핀이 압력 부품 표면에 접촉되어 있는지 확인하십시오.
3. 원인을 제거할 수 없는 경우 압력 부품을 교체하십시오.
4. 문제가 지속되면 해당 IPG 서비스 부서에 문의하십시오.",스패터/방청유,Customer,,,
13030,용접 프로그램 실행 중 레이저 출력이 설정 목표값 대비 ±10% 허용 오차 범위를 벗어나면 이 메시지가 표시됩니다. 현재 용접 프로그램 실행은 중단됩니다.,레이저 출력,1. 출력 변동,1. 문제가 지속되면 해당 IPG 서비스 부서에 문의하십시오.,레이저 모듈,LSS Controller,,,
13031,용접 프로그램 실행 중 Wobble drive의 주파수가 설정된 목표값 대비 ±10% 허용 오차 범위를 벗어나면 이 메시지가 활성화됩니다. 현재 용접 프로그램 실행은 중단됩니다.,Wobble 주파수,"1. Wobble drive 기계적 이상
2. Wobble drive 고장","1. 레이저 용접 툴 커버를 열고 기계적 이상(예: 풀린 볼트 등)이 있는지 확인하십시오.
2. 문제가 지속되면 해당 IPG 서비스 부서에 문의하십시오.",Wobble drive,Picker,,,
13032,용접 프로그램 실행 중 Seam drive의 속도가 설정된 목표값 대비 ±10% 허용 오차 범위를 벗어나면 이 메시지가 활성화됩니다. 현재 용접 프로그램 실행은 중단됩니다.,Seam drive 속도,"1. Seam drive 기계적 이상
2. 타이밍 벨트 손상 또는 장력 설정 이상","1. Seam drive에 기계적 문제가 있는지 확인하십시오.
2. 타이밍 벨트의 손상 여부 또는 장력 상태가 정상인지 확인하십시오.
3. 문제가 지속되면 해당 IPG 서비스 부서에 문의하십시오.",Seam drive/타이밍 벨트/Encoder,Picker,,,
13034,작업자 측에서External permission신호가 수신되지 않으면 이 메시지가 활성화됩니다.,외부 Permission 미수신,1. 작업자 측 신호 비활성 상태 또는 인터페이스 오류,"1. 인터페이스 상태를 확인하십시오.
2. 문제가 지속되면 해당 IPG 서비스 부서에 문의하십시오.",파라미터 설정,Robot,,,
13035,용접 중 Seam drive에서 다중 오류가 발생하면 이 메시지가 표시됩니다.,Seam drive,"1. Welding tool메뉴의Seam drive탭에서 오류 코드 확인 필요
2. Seam drive 제어부 내부 오류","1. Welding tool메뉴에서Seam Drive탭을 열어 Seam drive의 오류 코드를 확인하십시오. 해당 상태 코드를 IPG 서비스 부서에 전달하십시오.
2. 시스템을 재시작하십시오.
3. 문제가 지속되면 해당 IPG 서비스 부서에 문의하십시오.",Seam drive,Picker,,,
13036,용접 공정이 완료되었음에도 레이저 출력이 계속 유지되면 이 메시지가 활성화됩니다. 현재 실행 중인 프로그램은 중단됩니다.,비정상 레이저 출력,1. 레이저와의 통신 오류,"1. Events메뉴에서Active events탭을 열어 발생한 알람을 확인하십시오.
2. 문제가 지속되면 해당 IPG 서비스 부서에 문의하십시오.",LSS Controller,LSS Controller,,,
13037,Wobble drive에서 누적 오류가 발생하면 이 메시지가 활성화됩니다.,Wobble drive,1. Wobble drive탭(Welding tool메뉴)에서 오류 코드 확인 필요,"1. Welding tool메뉴에서Wobble Drive탭을 열어 Wobble drive의 오류 코드를 확인하십시오.
2. 해당 오류 코드를 IPG 서비스 부서에 전달하십시오.",Wobble drive,Picker,,,
13038,유량 스위치로부터 상태 신호가 감지되지 않으면 이 메시지가 활성화됩니다.,유량 스위치,"1. 냉각수 유량 없음
2. 유량 스위치 설정 오류
3. 유량 스위치 고장","1. 급수 상태가 정상인지 확인하십시오.
2. LSS 컨트롤러 캐비닛을 열고 유량 스위치를 점검하십시오.
3. 문제가 지속되면 해당 IPG 서비스 부서에 문의하십시오.",냉각 호스/펌프,LCI Chiller,,,
13039,상부 압력 부품의 보호 가스 유량이 정상 상태가 아닐 경우 이 메시지가 활성화됩니다.,상부 압력 부품 보호 가스 유량,1. 보호 가스 공급 중단,"1. 보호 가스 공급 상태를 확인하십시오.
2. 문제가 지속되면 해당 IPG 서비스 부서에 문의하십시오.",보호 가스,Customer,,,
13040,하부 압력 부품의 보호 가스 유량이 정상 상태가 아닐 경우 이 메시지가 활성화됩니다.,하부 압력 부품 보호 가스 유량,1. 보호 가스 공급 중단,"1. 보호 가스 공급 상태를 확인하십시오.
2. 문제가 지속되면 해당 IPG 서비스 부서에 문의하십시오.",보호 가스,Customer,,,
13043,이 메시지는 TEST 모드에서만 표시됩니다.,테스트 모드에서 사용자에 의해 프로그램 중단,1. 사용자가 제어 패널 또는 터치 스크린에서 동작을 수행함,"1. 테스트 절차를 다시 시작하십시오.
2. 문제가 지속되면 해당 IPG 서비스 부서에 문의하십시오.",LSS Controller,LSS Controller,,,
13045,보호 가스 센서에서 집합 알람이 발생하면 이 메시지가 표시됩니다.,보호 가스 센서,1. 보호 가스 공급 중단,"1. 보호 가스 공급 상태를 확인하십시오.
2. 문제가 지속되면 해당 IPG 서비스 부서에 문의하십시오.",보호 가스,Customer,,,
13046,용접 공정 중 제어 패널에서Permission신호가 상실되면 이 메시지가 표시됩니다.,공정 중 조작 패널 Permission 신호 상실,"1. 제어 패널의 이네이블(Enable) 버튼이 눌려 있지 않음
2. 신호 케이블 접촉 불량","1. 제어 패널 후면의 이네이블 버튼을 눌러 주십시오.
2. LSS 컨트롤러의 케이블 및 커넥터 접속 상태를 확인하십시오.
3. 문제가 지속되면 해당 IPG 서비스 부서에 문의하십시오.",LSS Controller,LSS Controller,,,
11008,"레이저 용접 툴의 스트로크 횟수가 1000회를 초과했음에도 프레셔 피스에 대한 규정된 형상 점검이 수행되지 않았거나, 압력 부품이 교체되지 않았거나, LSS 시스템이 재시작되지 않은 경우 이 메시지가 활성화됩니다.",프레셔 피스 형상 점검,"1. 1000회 용접 이후 형상 점검이 수행되지 않음
2. 압력 부품이 교체되었거나 이상 상태임
3. LSS 시스템이 재시작됨","1. 압력 부품의 손상 여부를 확인하십시오.
2. 형상 점검 장치를 사용하여 압력 부품의 형상을 점검하십시오.",프레셔 피스,Picker,,,
11009,공정 파라미터(설정값/실제값 비교)의 평가가 정상 범위가 아닐 경우 이 메시지가 활성화됩니다.,공정 모니터링,"1. 공정 값에 대한 한계값 설정 오류
2. 하드웨어 이상","1. Monitoring메뉴에서Process Monitor서브메뉴를 선택하고, 어떤 공정 파라미터가 설정 한계를 벗어나는지 확인하십시오. 필요 시 적절한 한계값으로 조정하십시오.
2. 관련 하드웨어를 점검하고 필요 시 원인을 제거하십시오.
3. 문제가 지속되면 해당 IPG 서비스 부서에 문의하십시오.",공정 모니터링,LSS Controller,,,
11010,고객 측 E-Stop 회로가 차단되면 이 메시지가 활성화됩니다.,외부 E-Stop,"1. E-Stop 작동됨
2. 안전 인터페이스가 미연결되었거나 잘못 연결됨","1. E-Stop을 해제(리셋)하십시오.
2. 안전 인터페이스의 커넥터 연결 상태를 확인하십시오.
3. 배선도에 따라 안전 인터페이스의 배선을 확인하십시오.",비상 정지,Customer,,,
11011,공정 제어 평가 결과가 정상 범위가 아닐 경우 이 메시지가 활성화됩니다.,공정 제어,1. 현재 측정된 곡선과 기준 곡선 간 편차 발생,"1. 용접 비드 품질을 확인하십시오.
2. 재질의 오염 여부 및 특성을 확인하십시오.
3. Monitoring메뉴에서Process Control서브메뉴를 열어 어떤 공정 파라미터가 설정 한계를 벗어나는지 확인하십시오.
4. 다시 용접을 수행하십시오.
5. 필요 시 기준 용접을 새로 수행하고 개별 센서의 허용 오차를 조정하십시오.",공정 제어,LSS Controller,,,
11013,상부 프레셔 피스의 유지보수가 필요할 경우 이 메시지가 활성화됩니다.,상부 프레셔 피스 유지보수,1. 상부 프레셔 피스의 설정된 스트로크 횟수에 도달했으나 유지보수가 수행되지 않음,"1. 상부 프레셔 피스의 유지보수를 수행하십시오.
2. 상부 프레셔 피스 카운터를 리셋하십시오.
3. 필요 시 상부 프레셔 피스 유지보수 카운터의 한계값을 재설정하십시오.",프레셔 피스,Picker,,,
11014,하부 프레셔 피스의 유지보수가 필요할 경우 이 메시지가 활성화됩니다.,하부 프레셔 피스 유지보수,1. 하부 프레셔 피스의 설정된 스트로크 횟수에 도달했으나 유지보수가 수행되지 않음,"1. 하부 프레셔 피스의 유지보수를 수행하십시오.
2. 하부 프레셔 피스 카운터를 리셋하십시오.
3. 필요 시 하부 프레셔 피스 유지보수 카운터의 한계값을 재설정하십시오.",프레셔 피스,Picker,,,
11015,상부 프레셔 피스의 안전 회로가 차단되면 이 메시지가 활성화됩니다.,상부 프레셔 피스 안전 회로,"1. 상부 프레셔 피스가 제거됨
2. 상부 프레셔 피스와 안전 제어 간 접촉 불량","1. 상부 프레셔 피스를 레이저 용접 툴에 다시 장착하십시오.
2. 상부 프레셔 피스의 안전 회로 기능을 점검하십시오.
3. 상부 프레셔 피스의 손상 여부를 확인하십시오.",프레셔 피스,Picker,,,
11016,하부 프레셔 피스의 안전 회로가 차단되면 이 메시지가 활성화됩니다.,하부 프레셔 피스 안전 회로,"1. 하부 프레셔 피스가 제거됨
2. 하부 프레셔 피스와 안전 제어 간 접촉 불량","1. 하부 프레셔 피스를 레이저 용접 툴에 다시 장착하십시오.
2. 하부 프레셔 피스의 안전 회로 기능을 점검하십시오.
3. 하부 프레셔 피스의 손상 여부를 확인하십시오.",프레셔 피스,Picker,,,
11017,흡입 장치에서 경고가 발생하면 이 메시지가 활성화됩니다. 자세한 정보는External메뉴의Suction탭에서 확인할 수 있습니다.,흡입 시스템 출력,"1. 필터 오염도가 85%를 초과함
2. 흡입 장치에 외부 압축 공기가 연결되지 않음","1. External메뉴의Suction탭을 열어 경고 원인을 확인하십시오.
2. 필터를 교체하십시오.
3. 필요 시 외부 압축 공기를 연결하십시오.",필터,Fumator,,,
11018,흡입 장치의 집진통을 비워야 할 경우 이 메시지가 활성화됩니다.,"집진통, 흡입 장치",1. 흡입 장치 유지보수 카운터의 설정된 한계값에 도달함,"1. 필요 시 흡입 장치의 집진통을 점검하고 비우십시오. (분진 취급 시 안전 지침을 준수하십시오)
2. 흡입 장치 유지보수 카운터를 리셋하십시오.
3. 필요 시 카운터의 한계값을 조정하십시오.",집진통,Fumator,,,
11201,예비 레이저 다이오드 회로의 50% 이상이 고장 상태일 경우 이 메시지가 활성화됩니다.,레이저 다이오드 회로,1. 레이저 다이오드 고장,1. 해당 IPG 서비스 부서에 문의하십시오.,레이저 모듈,LSS Controller,,,
11203,레이저 칠러의 운전 파라미터 중 하나 이상이 기술 사양 범위를 벗어나면 이 메시지가 활성화됩니다.,레이저 칠러,1. 레이저 칠러의 운전 파라미터가 기술 사양 범위를 벗어남,1. 레이저 칠러에서 발생한 다른 메시지를 확인하십시오.,LCI Chiller,LCI Chiller,,,
11221,바이오사이드 처리 및 냉각수 교체가 곧 필요할 경우 이 메시지가 활성화됩니다.,냉각수 관리 필요,1. 레이저 칠러 유지보수까지 남은 일수를 나타내는 카운터가 0에 도달함,"1. 냉각수를 교체하십시오.
2. 바이오사이드를 사용하십시오.
3. 두 유지보수 작업을 모두 수행한 후 남은 일수 카운터를 리셋하십시오.",냉각수,LCI Chiller,,,
11225,제어 보드 IG412에 SD 카드가 장착되어 있지 않거나 정상적으로 동작하지 않을 경우 이 메시지가 활성화됩니다.,SD 카드,"1. SD 카드 미장착
2. SD 카드 고장",1. 해당 IPG 서비스 부서에 문의하십시오.,MCU,LSS Controller,,,
11229,용접 툴 내부의 냉각수 유량이 너무 낮을 경우 이 메시지가 활성화됩니다.,용접 툴 냉각수 유량,"1. 물 공급 라인이 연결되지 않음
2. 레이저 칠러가 꺼져 있거나 이상 발생
3. 튜브 패키지 또는 용접 툴 내부의 호스가 꺾이거나 눌림
4. 냉각수 호스 막힘","1. 모든 연결부(커넥터)를 확인하십시오.
2. 레이저 칠러를 켜고 이상 여부를 확인하십시오.
3. 모든 냉각수 호스의 꺾임, 눌림 및 막힘 여부를 확인하고 필요 시 조치하십시오.",냉각 호스,LSS Controller,,,
11229,용접 툴 내부의 냉각수 유량이 너무 낮을 경우 이 메시지가 활성화됩니다.,용접 툴 냉각수 유량,"1. 물 공급 라인이 연결되지 않음
2. 레이저 칠러가 꺼져 있거나 이상 발생
3. 튜브 패키지 또는 용접 툴 내부의 호스가 꺾이거나 눌림
4. 냉각수 호스 막힘","1. 모든 연결부(커넥터)를 확인하십시오.
2. 레이저 칠러를 켜고 이상 여부를 확인하십시오.
3. 모든 냉각수 호스의 꺾임, 눌림 및 막힘 여부를 확인하고 필요 시 조치하십시오.",냉각 호스,Picker,,,
11229,용접 툴 내부의 냉각수 유량이 너무 낮을 경우 이 메시지가 활성화됩니다.,용접 툴 냉각수 유량,"1. 물 공급 라인이 연결되지 않음
2. 레이저 칠러가 꺼져 있거나 이상 발생
3. 튜브 패키지 또는 용접 툴 내부의 호스가 꺾이거나 눌림
4. 냉각수 호스 막힘","1. 모든 연결부(커넥터)를 확인하십시오.
2. 레이저 칠러를 켜고 이상 여부를 확인하십시오.
3. 모든 냉각수 호스의 꺾임, 눌림 및 막힘 여부를 확인하고 필요 시 조치하십시오.",냉각 호스/펌프,LCI Chiller,,,
11333,레이저 칠러의 수조 내 냉각수 수위가 낮을 경우 이 메시지가 활성화됩니다.,냉각수 수위,"1. 냉각수 회로 누수
2. 증발","1. 냉각수 회로에 누수 여부를 확인하고 누수를 제거하십시오.
2. 레이저 칠러의 냉각수 수위를 확인하고 필요 시 보충하십시오.",물 탱크/냉각 호스,LCI Chiller,,,
11345,증발 온도 및 이에 따른 증발 압력이 위험 범위에 들어가면 이 메시지가 활성화됩니다.,냉각 회로 냉매 압력 저하,"1. 팽창 밸브 이상
2. 냉매 부족
3. 냉매 수분 함량 과다
4. 냉각수 유량 설정 불량
5. 외부 온도가 낮아 응축 압력이 과도하게 낮음
6. 증발기 오염","1. 레이저 칠러에서 발생한 다른 메시지를 확인하십시오.
2. 경고가 자동 해제되지 않을 경우 아래 절차를 수행하십시오.
3. 냉매 충전량이 충분한지 확인하십시오. 부족한 경우, 전문 냉동 기술자를 통해 누수 점검 후 냉매를 보충하십시오.
4. 냉매 내 수분 함량을 확인하고 필요 시 건조 필터(드라이어)를 교체하십시오.
5. 냉각수 유량을 확인하고, 기술 사양에 맞는 유량이 증발기를 통과하도록 설정하십시오.
6. 제품 기술 사양에 정의된 운전 조건을 준수하십시오.
7. 문제가 지속되면 해당 IPG 서비스 부서에 문의하십시오.",냉각 호스/공업용수,Customer,,,
11345,증발 온도 및 이에 따른 증발 압력이 위험 범위에 들어가면 이 메시지가 활성화됩니다.,냉각 회로 냉매 압력 저하,"1. 팽창 밸브 이상
2. 냉매 부족
3. 냉매 수분 함량 과다
4. 냉각수 유량 설정 불량
5. 외부 온도가 낮아 응축 압력이 과도하게 낮음
6. 증발기 오염","1. 레이저 칠러에서 발생한 다른 메시지를 확인하십시오.
2. 경고가 자동 해제되지 않을 경우 아래 절차를 수행하십시오.
3. 냉매 충전량이 충분한지 확인하십시오. 부족한 경우, 전문 냉동 기술자를 통해 누수 점검 후 냉매를 보충하십시오.
4. 냉매 내 수분 함량을 확인하고 필요 시 건조 필터(드라이어)를 교체하십시오.
5. 냉각수 유량을 확인하고, 기술 사양에 맞는 유량이 증발기를 통과하도록 설정하십시오.
6. 제품 기술 사양에 정의된 운전 조건을 준수하십시오.
7. 문제가 지속되면 해당 IPG 서비스 부서에 문의하십시오.",냉매/팽창 밸브,LCI Chiller,,,
11346,레이저 또는 광학 회로 중 하나의 냉각수 온도가 위험 범위에 있을 경우 이 메시지가 활성화됩니다.,레이저 회로 냉각수 온도,"1. 레이저 칠러 또는 냉각 대상 장치의 밸브가 닫혀 있거나 완전히 열리지 않음
2. 스트레이너(필터) 오염","1. 냉각수가 설정 온도에 도달할 때까지 기다리십시오.
2. 레이저 칠러 및 냉각 대상 장치의 모든 밸브가 열려 있는지 확인하십시오.
3. 레이저 칠러에서 발생한 다른 메시지를 확인하십시오.
4. 스트레이너의 오염 여부를 확인하고 필요 시 청소하십시오.",냉각 호스/냉각수 밸브,LCI Chiller,,,
11346,레이저 또는 광학 회로 중 하나의 냉각수 온도가 위험 범위에 있을 경우 이 메시지가 활성화됩니다.,레이저 회로 냉각수 온도,"1. 레이저 칠러 또는 냉각 대상 장치의 밸브가 닫혀 있거나 완전히 열리지 않음
2. 스트레이너(필터) 오염","1. 냉각수가 설정 온도에 도달할 때까지 기다리십시오.
2. 레이저 칠러 및 냉각 대상 장치의 모든 밸브가 열려 있는지 확인하십시오.
3. 레이저 칠러에서 발생한 다른 메시지를 확인하십시오.
4. 스트레이너의 오염 여부를 확인하고 필요 시 청소하십시오.",스트레이너/냉각수 밸브,LSS Controller,,,
11347,레이저 또는 광학 회로 중 하나의 냉각수 압력이 위험 범위에 있을 경우 이 메시지가 활성화됩니다.,레이저 회로 냉각수 압력,"1. 레이저 칠러의 밸브가 닫혀 있거나 완전히 열리지 않음
2. 스트레이너(필터) 오염","1. 레이저 칠러 및 냉각 대상 장치의 모든 밸브가 열려 있는지 확인하십시오.
2. 레이저 칠러에서 발생한 다른 메시지를 확인하십시오.
3. 스트레이너의 오염 여부를 확인하고 필요 시 청소하십시오.",냉각 호스/냉각수 밸브,LCI Chiller,,,
11347,레이저 또는 광학 회로 중 하나의 냉각수 압력이 위험 범위에 있을 경우 이 메시지가 활성화됩니다.,레이저 회로 냉각수 압력,"1. 레이저 칠러의 밸브가 닫혀 있거나 완전히 열리지 않음
2. 스트레이너(필터) 오염","1. 레이저 칠러 및 냉각 대상 장치의 모든 밸브가 열려 있는지 확인하십시오.
2. 레이저 칠러에서 발생한 다른 메시지를 확인하십시오.
3. 스트레이너의 오염 여부를 확인하고 필요 시 청소하십시오.",스트레이너/냉각수 밸브,LSS Controller,,,
11348,냉각수 유입 온도가 위험 범위에 있을 경우 이 메시지가 활성화됩니다.,유입 온도 (플로우 히터),"1. 레이저 칠러 또는 냉각 대상 장치의 밸브가 닫혀 있거나 완전히 열리지 않음
2. 스트레이너(필터) 오염
3. 플로우 히터 퓨즈 단선","1. 레이저 칠러 및 냉각 대상 장치의 모든 밸브가 열려 있는지 확인하십시오.
2. 스트레이너의 오염 여부를 확인하고 필요 시 청소하십시오.
3. 전기 캐비닛 내 플로우 히터의 퓨즈를 확인하고 필요 시 교체하십시오.
4. 레이저 칠러에서 발생한 다른 메시지를 확인하십시오.",냉각 호스/냉각수 밸브/히터,LCI Chiller,,,
11348,냉각수 유입 온도가 위험 범위에 있을 경우 이 메시지가 활성화됩니다.,유입 온도 (플로우 히터),"1. 레이저 칠러 또는 냉각 대상 장치의 밸브가 닫혀 있거나 완전히 열리지 않음
2. 스트레이너(필터) 오염
3. 플로우 히터 퓨즈 단선","1. 레이저 칠러 및 냉각 대상 장치의 모든 밸브가 열려 있는지 확인하십시오.
2. 스트레이너의 오염 여부를 확인하고 필요 시 청소하십시오.
3. 전기 캐비닛 내 플로우 히터의 퓨즈를 확인하고 필요 시 교체하십시오.
4. 레이저 칠러에서 발생한 다른 메시지를 확인하십시오.",스트레이너/냉각수 밸브,LSS Controller,,,
11349,냉각수 배출(출력) 온도가 위험 범위에 있을 경우 이 메시지가 활성화됩니다.,출력 온도 (플로우 히터),"1. 레이저 칠러 또는 냉각 대상 장치의 밸브가 닫혀 있거나 완전히 열리지 않음
2. 스트레이너(필터) 오염
3. 플로우 히터 퓨즈 단선","1. 레이저 칠러 및 냉각 대상 장치의 모든 밸브가 열려 있는지 확인하십시오.
2. 스트레이너의 오염 여부를 확인하고 필요 시 청소하십시오.
3. 전기 캐비닛 내 플로우 히터의 퓨즈를 확인하고 필요 시 교체하십시오.
4. 레이저 칠러에서 발생한 다른 메시지를 확인하십시오.",냉각 호스/냉각수 밸브/히터,LCI Chiller,,,
11349,냉각수 배출(출력) 온도가 위험 범위에 있을 경우 이 메시지가 활성화됩니다.,출력 온도 (플로우 히터),"1. 레이저 칠러 또는 냉각 대상 장치의 밸브가 닫혀 있거나 완전히 열리지 않음
2. 스트레이너(필터) 오염
3. 플로우 히터 퓨즈 단선","1. 레이저 칠러 및 냉각 대상 장치의 모든 밸브가 열려 있는지 확인하십시오.
2. 스트레이너의 오염 여부를 확인하고 필요 시 청소하십시오.
3. 전기 캐비닛 내 플로우 히터의 퓨즈를 확인하고 필요 시 교체하십시오.
4. 레이저 칠러에서 발생한 다른 메시지를 확인하십시오.",스트레이너/냉각수 밸브,LSS Controller,,,
11350,냉각수 유입 압력이 위험 범위에 있을 경우 이 메시지가 활성화됩니다.,유입 압력 (플로우 히터),"1. 레이저 칠러 또는 냉각 대상 장치의 밸브가 닫혀 있거나 완전히 열리지 않음
2. 스트레이너(필터) 오염
3. 플로우 히터 퓨즈 단선","1. 레이저 칠러 및 냉각 대상 장치의 모든 밸브가 열려 있는지 확인하십시오.
2. 스트레이너의 오염 여부를 확인하고 필요 시 청소하십시오.
3. 전기 캐비닛 내 플로우 히터의 퓨즈를 확인하고 필요 시 교체하십시오.
4. 레이저 칠러에서 발생한 다른 메시지를 확인하십시오.",냉각 호스/냉각수 밸브/히터,LCI Chiller,,,
11350,냉각수 유입 압력이 위험 범위에 있을 경우 이 메시지가 활성화됩니다.,유입 압력 (플로우 히터),"1. 레이저 칠러 또는 냉각 대상 장치의 밸브가 닫혀 있거나 완전히 열리지 않음
2. 스트레이너(필터) 오염
3. 플로우 히터 퓨즈 단선","1. 레이저 칠러 및 냉각 대상 장치의 모든 밸브가 열려 있는지 확인하십시오.
2. 스트레이너의 오염 여부를 확인하고 필요 시 청소하십시오.
3. 전기 캐비닛 내 플로우 히터의 퓨즈를 확인하고 필요 시 교체하십시오.
4. 레이저 칠러에서 발생한 다른 메시지를 확인하십시오.",스트레이너/냉각수 밸브,LSS Controller,,,
11351,냉각수 유량이 위험 범위에 있을 경우 이 메시지가 활성화됩니다.,냉각수 유량 (플로우 히터),"1. 레이저 칠러 또는 냉각 대상 장치의 밸브가 닫혀 있거나 완전히 열리지 않음
2. 스트레이너(필터) 오염
3. 플로우 히터 퓨즈 단선","1. 레이저 칠러 및 냉각 대상 장치의 모든 밸브가 열려 있는지 확인하십시오.
2. 스트레이너의 오염 여부를 확인하고 필요 시 청소하십시오.
3. 전기 캐비닛 내 플로우 히터의 퓨즈를 확인하고 필요 시 교체하십시오.
4. 레이저 칠러에서 발생한 다른 메시지를 확인하십시오.",냉각 호스/냉각수 밸브/히터,LCI Chiller,,,
11351,냉각수 유량이 위험 범위에 있을 경우 이 메시지가 활성화됩니다.,냉각수 유량 (플로우 히터),"1. 레이저 칠러 또는 냉각 대상 장치의 밸브가 닫혀 있거나 완전히 열리지 않음
2. 스트레이너(필터) 오염
3. 플로우 히터 퓨즈 단선","1. 레이저 칠러 및 냉각 대상 장치의 모든 밸브가 열려 있는지 확인하십시오.
2. 스트레이너의 오염 여부를 확인하고 필요 시 청소하십시오.
3. 전기 캐비닛 내 플로우 히터의 퓨즈를 확인하고 필요 시 교체하십시오.
4. 레이저 칠러에서 발생한 다른 메시지를 확인하십시오.",스트레이너/냉각수 밸브,LSS Controller,,,
11500,공정 모니터가 레이저 출력이 설정된 감시 범위를 벗어난 것으로 판단할 경우 이 메시지가 활성화됩니다.,레이저 출력,"1. 공정 파라미터 한계값 설정 오류
2. 하드웨어 이상","1. Monitoring메뉴에서Process Monitor서브메뉴를 열어 어떤 공정 파라미터가 설정 한계를 벗어나는지 확인하십시오.
2. 필요 시 적절한 한계값으로 조정하십시오.
3. 관련 하드웨어를 점검하고 필요 시 원인을 제거하십시오.
4. 문제가 지속되면 해당 IPG 서비스 부서에 문의하십시오.",공정 파라미터,LSS Controller,,,
11501,공정 모니터가 레이저 출력(사이드 스팟 1)이 설정된 감시 범위를 벗어난 것으로 판단할 경우 이 메시지가 활성화됩니다.,레이저 출력 사이드 스팟 1,"1. 공정 파라미터 한계값 설정 오류
2. 하드웨어 이상","1. Monitoring메뉴에서Process Monitor서브메뉴를 열어 어떤 공정 파라미터가 설정 한계를 벗어나는지 확인하십시오.
2. 필요 시 적절한 한계값으로 조정하십시오.
3. 관련 하드웨어를 점검하고 필요 시 원인을 제거하십시오.
4. 문제가 지속되면 해당 IPG 서비스 부서에 문의하십시오.",공정 파라미터,LSS Controller,,,
11502,공정 모니터가 레이저 출력(사이드 스팟 2)이 설정된 감시 범위를 벗어난 것으로 판단할 경우 이 메시지가 활성화됩니다.,레이저 출력 사이드 스팟 2,"1. 공정 파라미터 한계값 설정 오류
2. 하드웨어 이상","1. Monitoring메뉴에서Process Monitor서브메뉴를 열어 어떤 공정 파라미터가 설정 한계를 벗어나는지 확인하십시오.
2. 필요 시 적절한 한계값으로 조정하십시오.
3. 관련 하드웨어를 점검하고 필요 시 원인을 제거하십시오.
4. 문제가 지속되면 해당 IPG 서비스 부서에 문의하십시오.",공정 파라미터,LSS Controller,,,
11503,산란광 측정값이 공정 모니터의 설정된 알람 임계값에 도달하면 이 메시지가 활성화됩니다.,산란광 값 과다,"1. 커버 글래스 오염
2. 파이버 오염, 손상 또는 열 손상
3. 제어 보드 또는 광학부의 평가 전자회로 이상
4. 광학부와 제어 보드 간 연결 불량","1. 커버 글래스의 오염 여부를 확인하고 필요 시 청소 또는 교체하십시오.
2. 파이버의 오염 여부를 확인하고 필요 시 청소 또는 교체하십시오.
3. 문제가 지속되면 해당 IPG 서비스 부서에 문의하십시오.",보호 유리/프로세스 파이버/옵틱 헤드,Picker,,,
11504,공정 모니터가 Seam drive 속도가 설정된 감시 범위를 벗어난 것으로 판단할 경우 이 메시지가 활성화됩니다.,Seam drive 속도,"1. 공정 파라미터 한계값 설정 오류
2. Seam drive의 타이밍 벨트 파손
3. 리니어 가이드 구속 또는 작동 불량
4. 센서 이상","1. Monitoring메뉴에서Process Monitor서브메뉴를 열어 어떤 공정 파라미터가 설정 한계를 벗어나는지 확인하십시오.
2. 필요 시 적절한 한계값으로 조정하십시오.
3. 레이저 용접 툴 커버를 열고 Seam drive의 타이밍 벨트를 점검하고 필요 시 교체하십시오.
4. 관련 하드웨어를 점검하고 필요 시 원인을 제거하십시오.
5. 문제가 지속되면 해당 IPG 서비스 부서에 문의하십시오.",Seam drive/타이밍 벨트/Seam drive 이동경로,Picker,,,
11504,공정 모니터가 Seam drive 속도가 설정된 감시 범위를 벗어난 것으로 판단할 경우 이 메시지가 활성화됩니다.,Seam drive 속도,"1. 공정 파라미터 한계값 설정 오류
2. Seam drive의 타이밍 벨트 파손
3. 리니어 가이드 구속 또는 작동 불량
4. 센서 이상","1. Monitoring메뉴에서Process Monitor서브메뉴를 열어 어떤 공정 파라미터가 설정 한계를 벗어나는지 확인하십시오.
2. 필요 시 적절한 한계값으로 조정하십시오.
3. 레이저 용접 툴 커버를 열고 Seam drive의 타이밍 벨트를 점검하고 필요 시 교체하십시오.
4. 관련 하드웨어를 점검하고 필요 시 원인을 제거하십시오.
5. 문제가 지속되면 해당 IPG 서비스 부서에 문의하십시오.",공정 파라미터,LSS Controller,,,
11505,공정 모니터가 Wobble 주파수가 설정된 감시 범위를 벗어난 것으로 판단할 경우 이 메시지가 활성화됩니다.,Wobble 주파수,"1. 공정 파라미터 한계값 설정 오류
2. 기구부 구속 또는 동작 불량
3. 구동부 이상","1. Monitoring메뉴에서Process Monitor서브메뉴를 열어 어떤 공정 파라미터가 설정 한계를 벗어나는지 확인하십시오.
2. 필요 시 적절한 한계값으로 조정하십시오.
3. 기구부가 자유롭게 움직이는지 확인하고 필요 시 광학부를 중앙 위치로 조정하십시오.
4. 관련 하드웨어를 점검하고 필요 시 원인을 제거하십시오.
5. 문제가 지속되면 해당 IPG 서비스 부서에 문의하십시오.",Wobble drive,Picker,,,
11505,공정 모니터가 Wobble 주파수가 설정된 감시 범위를 벗어난 것으로 판단할 경우 이 메시지가 활성화됩니다.,Wobble 주파수,"1. 공정 파라미터 한계값 설정 오류
2. 기구부 구속 또는 동작 불량
3. 구동부 이상","1. Monitoring메뉴에서Process Monitor서브메뉴를 열어 어떤 공정 파라미터가 설정 한계를 벗어나는지 확인하십시오.
2. 필요 시 적절한 한계값으로 조정하십시오.
3. 기구부가 자유롭게 움직이는지 확인하고 필요 시 광학부를 중앙 위치로 조정하십시오.
4. 관련 하드웨어를 점검하고 필요 시 원인을 제거하십시오.
5. 문제가 지속되면 해당 IPG 서비스 부서에 문의하십시오.",공정 파라미터,LSS Controller,,,
11506,공정 모니터가 Seam 길이가 설정된 감시 범위를 벗어난 것으로 판단할 경우 이 메시지가 활성화됩니다.,Seam 길이,"1. 공정 파라미터 한계값 설정 오류
2. Seam drive의 타이밍 벨트 파손
3. 리니어 가이드 구속 또는 작동 불량
4. 센서 이상","1. Monitoring메뉴에서Process Monitor서브메뉴를 열어 어떤 공정 파라미터가 설정 한계를 벗어나는지 확인하십시오.
2. 필요 시 적절한 한계값으로 조정하십시오.
3. 레이저 용접 툴 커버를 열고 Seam drive의 타이밍 벨트를 점검하고 필요 시 교체하십시오.
4. 관련 하드웨어를 점검하고 필요 시 원인을 제거하십시오.
5. 문제가 지속되면 해당 IPG 서비스 부서에 문의하십시오.",Seam drive/타이밍 벨트/Seam drive 이동경로,Picker,,,
11506,공정 모니터가 Seam 길이가 설정된 감시 범위를 벗어난 것으로 판단할 경우 이 메시지가 활성화됩니다.,Seam 길이,"1. 공정 파라미터 한계값 설정 오류
2. Seam drive의 타이밍 벨트 파손
3. 리니어 가이드 구속 또는 작동 불량
4. 센서 이상","1. Monitoring메뉴에서Process Monitor서브메뉴를 열어 어떤 공정 파라미터가 설정 한계를 벗어나는지 확인하십시오.
2. 필요 시 적절한 한계값으로 조정하십시오.
3. 레이저 용접 툴 커버를 열고 Seam drive의 타이밍 벨트를 점검하고 필요 시 교체하십시오.
4. 관련 하드웨어를 점검하고 필요 시 원인을 제거하십시오.
5. 문제가 지속되면 해당 IPG 서비스 부서에 문의하십시오.",공정 파라미터,LSS Controller,,,
11507,공정 모니터가 용접 툴의 흡입 출력이 설정된 감시 범위를 벗어난 것으로 판단할 경우 이 메시지가 활성화됩니다.,흡입 출력 (용접 툴),"1. 공정 파라미터 한계값 설정 오류
2. 흡입 호스 손상 또는 미연결
3. 센서 이상
4. 흡입 장치 미동작 또는 이상","1. Monitoring메뉴에서Process Monitor서브메뉴를 열어 어떤 공정 파라미터가 설정 한계를 벗어나는지 확인하십시오.
2. 필요 시 적절한 한계값으로 조정하십시오.
3. 흡입 호스를 점검하고 필요 시 연결 또는 교체하십시오.
4. 흡입 장치를 가동하십시오.
5. 필요 시 흡입 장치를 수리하십시오.",석션 호스/석션 모터,Fumator,,,
11507,공정 모니터가 용접 툴의 흡입 출력이 설정된 감시 범위를 벗어난 것으로 판단할 경우 이 메시지가 활성화됩니다.,흡입 출력 (용접 툴),"1. 공정 파라미터 한계값 설정 오류
2. 흡입 호스 손상 또는 미연결
3. 센서 이상
4. 흡입 장치 미동작 또는 이상","1. Monitoring메뉴에서Process Monitor서브메뉴를 열어 어떤 공정 파라미터가 설정 한계를 벗어나는지 확인하십시오.
2. 필요 시 적절한 한계값으로 조정하십시오.
3. 흡입 호스를 점검하고 필요 시 연결 또는 교체하십시오.
4. 흡입 장치를 가동하십시오.
5. 필요 시 흡입 장치를 수리하십시오.",공정 파라미터,LSS Controller,,,
11601,공정 제어에서 Sensor 1의 측정값이 설정된 감시 범위를 벗어난 것으로 판단될 경우 이 메시지가 활성화됩니다.,Sensor 1,1. 현재 측정된 곡선과 기준 곡선 간 편차 발생,"1. 용접 비드 품질을 확인하십시오.
2. 재질의 오염 여부 및 특성을 확인하십시오.
3. Monitoring메뉴에서Process Control서브메뉴를 열어 에러 패턴을 분석하십시오.
4. 다시 용접을 수행하십시오.
5. 필요 시 기준 용접을 다시 수행하십시오.
6. 필요 시 각 센서의 허용 오차를 조정하십시오.",공정 제어,LSS Controller,,,
11603,공정 제어에서 Sensor 2의 측정값이 설정된 감시 범위를 벗어난 것으로 판단될 경우 이 메시지가 활성화됩니다.,Sensor 2,1. 현재 측정된 곡선과 기준 곡선 간 편차 발생,"1. 용접 비드 품질을 확인하십시오.
2. 재질의 오염 여부 및 특성을 확인하십시오.
3. Monitoring메뉴에서Process Control서브메뉴를 열어 에러 패턴을 분석하십시오.
4. 다시 용접을 수행하십시오.
5. 필요 시 기준 용접을 다시 수행하십시오.
6. 필요 시 각 센서의 허용 오차를 조정하십시오.",공정 제어,LSS Controller,,,
11607,공정 제어에서 Sensor 3의 측정값이 설정된 감시 범위를 벗어난 것으로 판단될 경우 이 메시지가 활성화됩니다.,Sensor 3,1. 현재 측정된 곡선과 기준 곡선 간 편차 발생,"1. 용접 비드 품질을 확인하십시오.
2. 재질의 오염 여부 및 특성을 확인하십시오.
3. Monitoring메뉴에서Process Control서브메뉴를 열어 에러 패턴을 분석하십시오.
4. 다시 용접을 수행하십시오.
5. 필요 시 기준 용접을 다시 수행하십시오.
6. 필요 시 각 센서의 허용 오차를 조정하십시오.",공정 제어,LSS Controller,,,
11609,공정 제어에서 LIT evaluation이 설정된 감시 범위를 벗어난 것으로 판단될 경우 이 메시지가 활성화됩니다.,LIT evaluation,1. 현재 측정값이 허용 오차 범위를 벗어남,"1. 용접 비드 품질을 확인하십시오.
2. 재질의 오염 여부 및 특성을 확인하십시오.
3. Monitoring메뉴에서Process Control서브메뉴를 열어 에러 패턴을 분석하십시오.
4. 다시 용접을 수행하십시오.
5. 필요 시 기준 용접을 다시 수행하십시오.
6. 필요 시 각 센서의 허용 오차를 조정하십시오.",공정 제어,LSS Controller,,,
12006,흡입 장치에서 하나 이상의 알람이 발생한 경우 이 메시지가 활성화됩니다. 자세한 정보는External메뉴의Suction탭에서 확인할 수 있습니다.,흡입 오류,"1. 공기 유량 이상
2. 드라이브 인버터 이상
3. 필터 오염
4. 흡입 성능 부족","1. 에어 호스를 점검하십시오.
2. 설치 상태를 확인하고 필요 시 수정하십시오.
3. 필터 오염도를 확인하고 필요 시 청소 또는 교체하십시오.
4. 문제가 지속되면 해당 IPG 서비스 부서에 문의하십시오.",에어 시스템,LSS Controller,,,
12006,흡입 장치에서 하나 이상의 알람이 발생한 경우 이 메시지가 활성화됩니다. 자세한 정보는External메뉴의Suction탭에서 확인할 수 있습니다.,흡입 오류,"1. 공기 유량 이상
2. 드라이브 인버터 이상
3. 필터 오염
4. 흡입 성능 부족","1. 에어 호스를 점검하십시오.
2. 설치 상태를 확인하고 필요 시 수정하십시오.
3. 필터 오염도를 확인하고 필요 시 청소 또는 교체하십시오.
4. 문제가 지속되면 해당 IPG 서비스 부서에 문의하십시오.",에어 시스템,Fumator,,,
12007,흡입 제어 장치에서 통신 알람이 발생할 경우 이 메시지가 활성화됩니다.,흡입 통신 오류,"1. 흡입 장치 전원 공급 없음
2. 케이블 연결 미체결 또는 불량
3. 흡입 장치 이상","1. 흡입 장치에 전원을 연결하십시오.
2. 케이블 연결 상태를 점검하십시오.
3. 문제가 지속되면 해당 IPG 서비스 부서에 문의하십시오.",통신 케이블(XP3),LSS Controller,,,
12007,흡입 제어 장치에서 통신 알람이 발생할 경우 이 메시지가 활성화됩니다.,흡입 통신 오류,"1. 흡입 장치 전원 공급 없음
2. 케이블 연결 미체결 또는 불량
3. 흡입 장치 이상","1. 흡입 장치에 전원을 연결하십시오.
2. 케이블 연결 상태를 점검하십시오.
3. 문제가 지속되면 해당 IPG 서비스 부서에 문의하십시오.",공급 전원/Fumator,Fumator,,,
12011,클리닝 스테이션 제어에서 통신 오류가 발생할 경우 이 메시지가 활성화됩니다.,클리닝 스테이션 통신 오류,1. 클리닝 스테이션 전원 공급 없음,"1. 클리닝 스테이션에 전원을 연결하십시오.
2. 케이블 연결 상태를 점검하십시오.
3. 문제가 지속되면 해당 IPG 서비스 부서에 문의하십시오.",공급 전원/Cleaning Station,Cleaning Station,,,
12015,클리닝 공정이 정상적으로 완료되지 않을 경우 이 메시지가 활성화됩니다.,클리닝 스테이션,"1. 드릴/리머 미장착 또는 파손
2. 이송 종단 위치 미도달 (X 및 Z 축)
3. 모터 보호 스위치 트립 발생
4. 전원 공급 이상
5. 압축 공기 미공급","1. 드릴/리머를 장착하거나 파손된 공구를 교체하십시오.
2. 축의 이동 경로를 점검하십시오.
3. 종단 위치 감지 상태를 확인하십시오.
4. 모터 보호 스위치를 리셋하고 필요 시 설정을 조정하십시오.
5. 전원 공급 상태를 확인하십시오.
6. 압축 공기 공급 상태를 확인하십시오.",모터 보호 스위치/공급 전원/에어 시스템/위치 감지 센서/드릴 비트,Cleaning Station,,,
12019,공정 파라미터(목표값/실제값 비교)의 평가가 정상적으로 이루어지지 않을 경우 이 메시지가 활성화됩니다.,공정 모니터링,"1. 공정 파라미터 한계값 설정 오류
2. 하드웨어 이상","1. Monitoring메뉴에서Process Monitor서브메뉴를 열어 어떤 공정 파라미터가 설정 한계를 벗어나는지 확인하고 필요 시 적절한 한계값을 설정하십시오.
2. 관련 하드웨어를 점검하고 필요 시 원인을 제거하십시오.
3. 문제가 지속되면 해당 IPG 서비스 부서에 문의하십시오.",공정 모니터링,LSS Controller,,,
12020,오버젯의 공기 유량이 설정된 알람 임계값 이하로 떨어질 경우 이 메시지가 활성화됩니다.,오버젯 공기 유량,"1. 압축 공기 미연결
2. 레귤레이터 설정 불량
3. 유량 스위치 설정 오류
4. LSS 소프트웨어 한계값 설정 오류
5. 레이저 용접 툴 내 오버젯 밸브 이상
6. 튜브 패키지 또는 용접 툴 내 호스 꺾임","1. 압축 공기를 연결하십시오.
2. 용접 조건에 맞게 압력 레귤레이터를 설정하십시오.
3. 설정된 유량에 맞게 유량 센서를 구성하십시오.
4. LSS 소프트웨어에서 한계값을 설정하십시오.
5. 오버젯 밸브를 점검하고 필요 시 교체하십시오.
6. 호스 상태를 점검하십시오.",에어 시스템/공정 파라미터,LSS Controller,,,
12020,오버젯의 공기 유량이 설정된 알람 임계값 이하로 떨어질 경우 이 메시지가 활성화됩니다.,오버젯 공기 유량,"1. 압축 공기 미연결
2. 레귤레이터 설정 불량
3. 유량 스위치 설정 오류
4. LSS 소프트웨어 한계값 설정 오류
5. 레이저 용접 툴 내 오버젯 밸브 이상
6. 튜브 패키지 또는 용접 툴 내 호스 꺾임","1. 압축 공기를 연결하십시오.
2. 용접 조건에 맞게 압력 레귤레이터를 설정하십시오.
3. 설정된 유량에 맞게 유량 센서를 구성하십시오.
4. LSS 소프트웨어에서 한계값을 설정하십시오.
5. 오버젯 밸브를 점검하고 필요 시 교체하십시오.
6. 호스 상태를 점검하십시오.",압축 공기 유량,Customer,,,
12021,공정 제어의 평가가 정상적으로 이루어지지 않을 경우 이 메시지가 활성화됩니다.,공정 제어,1. 현재 측정된 곡선과 기준 곡선 간 편차 발생,"1. 용접 비드 품질을 확인하십시오.
2. 재질의 오염 여부 및 특성을 확인하십시오.
3. Monitoring메뉴에서Process Control서브메뉴를 열어 어떤 공정 파라미터가 설정 한계를 벗어나는지 확인하십시오.
4. 다시 용접을 수행하십시오.
5. 필요 시 기준 용접 재설정 및 센서 허용 오차를 조정하십시오.",공정 제어,LSS Controller,,,
12223,레이저 칠러에서 치명적인 오류가 발생하여 칠러가 정지된 경우 이 메시지가 활성화됩니다.,냉각 정지,"1. 레이저 칠러 치명적 오류
2. 전기 부하 과전류
3. 냉각수 수위 부족
4. 과압 또는 저압 이상
5. 플로우 히터(LC71) 이상
6. 센서 이상","1. External메뉴의Chiller탭을 열어 알람 원인을 확인하십시오.
2. 냉각수를 보충하십시오.
3. 문제가 지속되면 해당 IPG 서비스 부서에 문의하십시오.",물 탱크/냉각 호스/공급 전원/히터/LCI Chiller,LCI Chiller,,,
12227,레이저 칠러의 냉각수 압력 또는 온도가 규정된 사양 범위를 벗어나면 이 메시지가 활성화됩니다.,칠러 사양 이탈,"1. 냉각수 압력 또는 온도가 사양 범위를 벗어남
2. 레이저 칠러 설정 오류 (LC71 수전도도 측정 활성화 등)","1. 레이저 칠러 및 냉각 대상 장치의 모든 밸브가 열려 있는지 확인하십시오.
2. Chiller탭에서 다른 알람 발생 여부를 확인하십시오.
3. 스트레이너의 오염 여부를 확인하고 필요 시 청소하십시오.",냉각수 밸브/설정 파라미터,LCI Chiller,,,
12250,반사된 레이저 방사량이 설정된 알람 임계값을 초과할 경우 이 메시지가 활성화됩니다. 이 상태가 반복되면 레이저 손상이 발생할 수 있습니다.,백 리플렉션 과다,"1. 커버 글래스 오염
2. 워크피스에서 강한 반사 발생","1. 커버 글래스를 청소하거나 필요 시 교체하십시오.
2. 초점 위치, 출력 및 광학 각도를 포함한 공정 파라미터를 용접 소재에 맞게 조정하십시오.
3. 반사율이 높은 소재 작업 시 공정 파라미터 조정을 위해 IPG 서비스 부서에 문의하십시오.",옵틱 헤드/보호 유리/프로세스 파이버,Picker,,,
12333,냉각수 수위가 너무 낮을 경우 이 메시지가 활성화됩니다.,수조 냉각수 수위,"1. 냉각수 회로 누수
2. 증발","1. 냉각수 회로의 누수 여부를 확인하고 누수를 제거하십시오.
2. 레이저 칠러의 냉각수 수위를 확인하고 필요 시 보충하십시오.",냉각 호스/물 탱크,LCI Chiller,,,
12336,레이저 칠러의 광학 회로에서 냉각수 온도가 기술 사양 범위를 벗어날 경우 이 메시지가 활성화됩니다. 레이저 칠러는 계속 동작합니다.,광학 회로 냉각수 온도,"1. 레이저 칠러 또는 냉각 대상 장치의 밸브가 닫혀 있거나 완전히 열리지 않음
2. 스트레이너(필터) 오염","1. 냉각수가 설정 온도에 도달할 때까지 기다리십시오.
2. 레이저 칠러 및 냉각 대상 장치의 모든 밸브가 열려 있는지 확인하십시오.
3. 레이저 칠러에서 발생한 다른 메시지를 확인하십시오.
4. 스트레이너의 오염 여부를 확인하고 필요 시 청소하십시오.",냉각 호스/냉각수 밸브,LCI Chiller,,,
12336,레이저 칠러의 광학 회로에서 냉각수 온도가 기술 사양 범위를 벗어날 경우 이 메시지가 활성화됩니다. 레이저 칠러는 계속 동작합니다.,광학 회로 냉각수 온도,"1. 레이저 칠러 또는 냉각 대상 장치의 밸브가 닫혀 있거나 완전히 열리지 않음
2. 스트레이너(필터) 오염","1. 냉각수가 설정 온도에 도달할 때까지 기다리십시오.
2. 레이저 칠러 및 냉각 대상 장치의 모든 밸브가 열려 있는지 확인하십시오.
3. 레이저 칠러에서 발생한 다른 메시지를 확인하십시오.
4. 스트레이너의 오염 여부를 확인하고 필요 시 청소하십시오.",냉각 호스/냉각수 밸브/스트레이너,LSS Controller,,,
12336,레이저 칠러의 광학 회로에서 냉각수 온도가 기술 사양 범위를 벗어날 경우 이 메시지가 활성화됩니다. 레이저 칠러는 계속 동작합니다.,광학 회로 냉각수 온도,"1. 레이저 칠러 또는 냉각 대상 장치의 밸브가 닫혀 있거나 완전히 열리지 않음
2. 스트레이너(필터) 오염","1. 냉각수가 설정 온도에 도달할 때까지 기다리십시오.
2. 레이저 칠러 및 냉각 대상 장치의 모든 밸브가 열려 있는지 확인하십시오.
3. 레이저 칠러에서 발생한 다른 메시지를 확인하십시오.
4. 스트레이너의 오염 여부를 확인하고 필요 시 청소하십시오.",냉각 호스,Picker,,,
12339,레이저 칠러의 광학 회로에서 냉각수 압력이 기술 사양 범위를 벗어날 경우 이 메시지가 활성화됩니다.,광학 회로 냉각수 압력,"1. 레이저 칠러 또는 냉각 대상 장치의 밸브가 닫혀 있거나 완전히 열리지 않음
2. 스트레이너 오염","1. 레이저 칠러 및 냉각 대상 장치의 모든 밸브가 열려 있는지 확인하십시오.
2. 스트레이너의 오염 여부를 확인하고 필요 시 청소하십시오.
3. 레이저 칠러에서 발생한 다른 메시지를 확인하십시오.
4. 문제가 해결되지 않으면 해당 IPG 서비스 부서에 문의하십시오.",냉각 호스/냉각수 밸브,LCI Chiller,,,
12339,레이저 칠러의 광학 회로에서 냉각수 압력이 기술 사양 범위를 벗어날 경우 이 메시지가 활성화됩니다.,광학 회로 냉각수 압력,"1. 레이저 칠러 또는 냉각 대상 장치의 밸브가 닫혀 있거나 완전히 열리지 않음
2. 스트레이너 오염","1. 레이저 칠러 및 냉각 대상 장치의 모든 밸브가 열려 있는지 확인하십시오.
2. 스트레이너의 오염 여부를 확인하고 필요 시 청소하십시오.
3. 레이저 칠러에서 발생한 다른 메시지를 확인하십시오.
4. 문제가 해결되지 않으면 해당 IPG 서비스 부서에 문의하십시오.",냉각 호스/냉각수 밸브/스트레이너,LSS Controller,,,
12339,레이저 칠러의 광학 회로에서 냉각수 압력이 기술 사양 범위를 벗어날 경우 이 메시지가 활성화됩니다.,광학 회로 냉각수 압력,"1. 레이저 칠러 또는 냉각 대상 장치의 밸브가 닫혀 있거나 완전히 열리지 않음
2. 스트레이너 오염","1. 레이저 칠러 및 냉각 대상 장치의 모든 밸브가 열려 있는지 확인하십시오.
2. 스트레이너의 오염 여부를 확인하고 필요 시 청소하십시오.
3. 레이저 칠러에서 발생한 다른 메시지를 확인하십시오.
4. 문제가 해결되지 않으면 해당 IPG 서비스 부서에 문의하십시오.",냉각 호스,Picker,,,
12400,LSS 컨트롤러의 비상 정지(E-Stop) 버튼이 눌린 경우 이 메시지가 표시됩니다. 이로 인해 Z 드라이브는 안전하게 정지되며 레이저 발진 및 레이저 전원 공급이 차단됩니다.,컨트롤러 비상 정지 버튼,1. LSS 컨트롤러의 비상 정지 버튼 작동,"1. 비상 정지 버튼의 상태를 확인하십시오.
2. 필요 시 비상 정지 버튼을 돌려 잠금을 해제하십시오.",비상 정지,LSS Controller,,,
12401,Panel PC의 비상 정지(E-Stop) 버튼이 눌린 경우 이 메시지가 표시됩니다. 이로 인해 Z 드라이브는 안전하게 정지되며 레이저 발진 및 레이저 전원 공급이 차단됩니다.,Panel PC 비상 정지 버튼,1. Panel PC의 비상 정지 버튼 작동,"1. 비상 정지 버튼의 상태를 확인하십시오.
2. 필요 시 비상 정지 버튼을 돌려 잠금을 해제하십시오.",비상 정지,LSS Controller,,,
12402,프레셔 피스(상부)의 안전 회로가 차단될 경우 이 메시지가 활성화됩니다.,프레셔 피스(상부) 안전 회로,"1. 프레셔 피스(상부)가 제거됨
2. 프레셔 피스(상부)와 안전 제어 간 접촉 불량","1. 프레셔 피스(상부)를 레이저 용접 툴(Picker/C-gun)에 다시 장착하십시오.
2. 프레셔 피스(상부)의 안전 회로 동작을 점검하십시오.
3. 프레셔 피스(상부)의 손상 여부를 확인하십시오.",프레셔 피스,Picker,,,
12403,프레셔 피스(하부)의 안전 회로가 차단될 경우 이 메시지가 활성화됩니다.,프레셔 피스(하부) 안전 회로,"1. 프레셔 피스(하부)가 제거됨
2. 프레셔 피스(하부)와 안전 제어 간 접촉 불량","1. 프레셔 피스(하부)를 레이저 용접 툴(Picker/C-gun)에 다시 장착하십시오.
2. 프레셔 피스(하부)의 안전 회로 동작을 점검하십시오.
3. 프레셔 피스(하부)의 손상 여부를 확인하십시오.",프레셔 피스,Picker,,,
12404,메인 스팟의 파이버 단선 모니터링 안전 회로가 차단될 경우 이 메시지가 활성화됩니다.,파이버 단선 모니터링 메인 스팟,"1. 파이버 커넥터가 제대로 체결되지 않았거나 잠금 상태가 아님
2. 파이버 단선
3. 파이버 커플러에 케이블 플러그 미연결","1. 파이버 연결 상태를 확인하십시오.
2. 파이버 잠금 상태를 확인하고 필요 시 잠그십시오.
3. 필요 시 파이버를 교체하십시오.
4. 파이버 커플러의 케이블 연결 상태를 점검하십시오.",Coupler/프로세스 파이버/피딩 파이버,LSS Controller,,,
12405,사이드 스팟 1의 파이버 단선 모니터링 안전 회로가 차단될 경우 이 메시지가 활성화됩니다.,사이드 스팟 1 파이버 인터록,"1. 파이버 커넥터가 제대로 체결되지 않았거나 잠금 상태가 아님
2. 파이버 단선
3. 파이버 커플러에 케이블 플러그 미연결","1. 파이버 연결 상태를 확인하십시오.
2. 파이버 잠금 상태를 확인하고 필요 시 잠그십시오.
3. 필요 시 파이버를 교체하십시오.
4. 파이버 커플러의 케이블 연결 상태를 점검하십시오.",Coupler/프로세스 파이버/피딩 파이버,LSS Controller,,,
12406,사이드 스팟 2의 파이버 단선 모니터링 안전 회로가 차단될 경우 이 메시지가 활성화됩니다.,사이드 스팟 2 파이버 인터록,"1. 파이버 커넥터가 제대로 체결되지 않았거나 잠금 상태가 아님
2. 파이버 단선
3. 파이버 커플러에 케이블 플러그 미연결","1. 파이버 연결 상태를 확인하십시오.
2. 파이버 잠금 상태를 확인하고 필요 시 잠그십시오.
3. 필요 시 파이버를 교체하십시오.
4. 파이버 커플러의 케이블 연결 상태를 점검하십시오.",Coupler/프로세스 파이버/피딩 파이버,LSS Controller,,,
12407,레이저 용접 툴(Picker/C-gun)의 커버가 열린 상태에서Permission신호가 활성화될 경우 이 메시지가 발생합니다.,레이저 용접 툴(Picker/C-gun) 커버,"1. 레이저 용접 툴 커버가 열려 있거나 완전히 닫혀 있지 않음
2. 센서 이상","1. 커버를 닫으십시오.
2. 센서를 교체하십시오.",커버 센서/프레셔 피스,Picker,,,
12408,전원 공급 장치의 안전 채널에서 하나 이상의 알람이 발생할 경우 이 메시지가 활성화됩니다.,전원 공급,1. 전원 공급 장치 이상,1. 문제 해결을 위해 해당 IPG 서비스 부서에 문의하십시오.,파워 서플라이,LSS Controller,,,
12409,Z 드라이브 컨트롤러와의 CAN 통신에 이상이 발생할 경우 이 메시지가 활성화됩니다.,Z 드라이브,"1. 케이블 이상
2. Z 드라이브 컨트롤러 이상","1. CAN 통신 케이블을 점검하십시오.
2. Z 드라이브 컨트롤러를 교체하십시오.
3. 문제가 지속되면 해당 IPG 서비스 부서에 문의하십시오.",통신 케이블(1XG1 1XG2)/Z-drive 컨트롤러,LSS Controller,,,
12409,Z 드라이브 컨트롤러와의 CAN 통신에 이상이 발생할 경우 이 메시지가 활성화됩니다.,Z 드라이브,"1. 케이블 이상
2. Z 드라이브 컨트롤러 이상","1. CAN 통신 케이블을 점검하십시오.
2. Z 드라이브 컨트롤러를 교체하십시오.
3. 문제가 지속되면 해당 IPG 서비스 부서에 문의하십시오.",Z-drive,Picker,,,
12410,안전 제어에서 모니터링 로직 시스템의 하나 이상의 알람을 감지할 경우 이 메시지가 활성화됩니다.,안전 모듈,"1. 단락(쇼트) 발생
2. 셔트(shunt) 발생
3. 안전 회로 내 불일치 발생","1. LSS 소프트웨어에 관리자 권한으로 로그인한 후Safety메뉴의Diagnostics탭을 열어 오류 원인을 확인하십시오.
2. 가능한 경우 원인을 제거하십시오.
3. 메인 스위치를 사용하여 LSS 컨트롤러를 재시작하십시오.
4. 문제가 지속되면 해당 IPG 서비스 부서에 문의하십시오.",PILZ 세이프티 모듈,LSS Controller,,,
12410,안전 제어에서 모니터링 로직 시스템의 하나 이상의 알람을 감지할 경우 이 메시지가 활성화됩니다.,안전 모듈,"1. 단락(쇼트) 발생
2. 셔트(shunt) 발생
3. 안전 회로 내 불일치 발생","1. LSS 소프트웨어에 관리자 권한으로 로그인한 후Safety메뉴의Diagnostics탭을 열어 오류 원인을 확인하십시오.
2. 가능한 경우 원인을 제거하십시오.
3. 메인 스위치를 사용하여 LSS 컨트롤러를 재시작하십시오.
4. 문제가 지속되면 해당 IPG 서비스 부서에 문의하십시오.",PILZ 세이프티 모듈/프레셔 피스,Picker,,,
12428,안전 제어의 출력 모듈 중 하나에서 이상이 발생할 경우 이 메시지가 활성화됩니다.,OFAULT LED 안전 제어,"1. 출력 모듈 이상
2. 출력 모듈 연결 불량
3. 단락(쇼트) 또는 셔트 회로 발생","1. 모듈 표시 상태 및 이상 발생 회로를 점검하십시오.
2. 필요 시 손상된 모듈을 교체하십시오.",PILZ 세이프티 모듈,LSS Controller,,,
12428,안전 제어의 출력 모듈 중 하나에서 이상이 발생할 경우 이 메시지가 활성화됩니다.,OFAULT LED 안전 제어,"1. 출력 모듈 이상
2. 출력 모듈 연결 불량
3. 단락(쇼트) 또는 셔트 회로 발생","1. 모듈 표시 상태 및 이상 발생 회로를 점검하십시오.
2. 필요 시 손상된 모듈을 교체하십시오.",PILZ 세이프티 모듈/프레셔 피스,Picker,,,
12429,안전 제어의 입력 모듈 중 하나에서 이상이 발생할 경우 이 메시지가 활성화됩니다.,IFAULT LED 안전 제어,"1. 입력 모듈 이상
2. 입력 모듈 연결 불량
3. 단락(쇼트) 또는 셔트 회로 발생","1. 모듈 표시 상태 및 이상 발생 회로를 점검하십시오.
2. 필요 시 손상된 모듈을 교체하십시오.",PILZ 세이프티 모듈,LSS Controller,,,
12429,안전 제어의 입력 모듈 중 하나에서 이상이 발생할 경우 이 메시지가 활성화됩니다.,IFAULT LED 안전 제어,"1. 입력 모듈 이상
2. 입력 모듈 연결 불량
3. 단락(쇼트) 또는 셔트 회로 발생","1. 모듈 표시 상태 및 이상 발생 회로를 점검하십시오.
2. 필요 시 손상된 모듈을 교체하십시오.",PILZ 세이프티 모듈/프레셔 피스,Picker,,,
12430,안전 제어에서 일반적인 오류가 발생할 경우 이 메시지가 활성화됩니다.,FAULT LED 안전 제어,"1. 모듈 이상
2. 모듈 연결 불량
3. 단락(쇼트) 또는 셔트 회로 발생
4. 레이저 용접 툴(Picker/C-gun) 미연결
5. 메인 인터페이스와의 통신 이상","1. 모듈 표시 상태 및 이상 발생 회로를 점검하십시오.
2. 필요 시 손상된 모듈을 교체하십시오.
3. 레이저 용접 툴(Picker/C-gun)의 연결 상태를 확인하십시오.
4. 안전 제어와 메인 인터페이스 간 CAN 통신 케이블을 점검하십시오.",PILZ 세이프티 모듈/통신 케이블(1XLZ1),LSS Controller,,,
12430,안전 제어에서 일반적인 오류가 발생할 경우 이 메시지가 활성화됩니다.,FAULT LED 안전 제어,"1. 모듈 이상
2. 모듈 연결 불량
3. 단락(쇼트) 또는 셔트 회로 발생
4. 레이저 용접 툴(Picker/C-gun) 미연결
5. 메인 인터페이스와의 통신 이상","1. 모듈 표시 상태 및 이상 발생 회로를 점검하십시오.
2. 필요 시 손상된 모듈을 교체하십시오.
3. 레이저 용접 툴(Picker/C-gun)의 연결 상태를 확인하십시오.
4. 안전 제어와 메인 인터페이스 간 CAN 통신 케이블을 점검하십시오.",PILZ 세이프티 모듈/프레셔 피스,Picker,,,
12500,공정 모니터에서 레이저 출력이 설정된 감시 범위를 벗어난 것으로 판단될 경우 이 메시지가 활성화됩니다.,레이저 출력,"1. 공정 파라미터 한계값 설정 오류
2. 하드웨어 이상","1. Monitoring메뉴에서Process Monitor서브메뉴를 열어 어떤 공정 파라미터가 설정 한계를 벗어나는지 확인하십시오.
2. 필요 시 적절한 한계값으로 설정하십시오.
3. 관련 하드웨어를 점검하고 필요 시 원인을 제거하십시오.
4. 문제가 지속되면 해당 IPG 서비스 부서에 문의하십시오.",공정 모니터링,LSS Controller,,,
12501,공정 모니터에서 사이드 스팟 1의 레이저 출력이 설정된 감시 범위를 벗어난 것으로 판단될 경우 이 메시지가 활성화됩니다.,레이저 출력 사이드 스팟 1,"1. 공정 파라미터 한계값 설정 오류
2. 하드웨어 이상","1. Monitoring메뉴에서Process Monitor서브메뉴를 열어 어떤 공정 파라미터가 설정 한계를 벗어나는지 확인하십시오.
2. 필요 시 적절한 한계값으로 설정하십시오.
3. 관련 하드웨어를 점검하고 필요 시 원인을 제거하십시오.
4. 문제가 지속되면 해당 IPG 서비스 부서에 문의하십시오.",공정 모니터링,LSS Controller,,,
12502,공정 모니터에서 사이드 스팟 2의 레이저 출력이 설정된 감시 범위를 벗어난 것으로 판단될 경우 이 메시지가 활성화됩니다.,레이저 출력 사이드 스팟 2,"1. 공정 파라미터 한계값 설정 오류
2. 하드웨어 이상","1. Monitoring메뉴에서Process Monitor서브메뉴를 열어 어떤 공정 파라미터가 설정 한계를 벗어나는지 확인하십시오.
2. 필요 시 적절한 한계값으로 설정하십시오.
3. 관련 하드웨어를 점검하고 필요 시 원인을 제거하십시오.
4. 문제가 지속되면 해당 IPG 서비스 부서에 문의하십시오.",공정 모니터링,LSS Controller,,,
12503,산란광 측정값이 공정 모니터의 설정된 알람 임계값에 도달할 경우 이 메시지가 활성화됩니다.,산란광 값 과다,"1. 커버 글래스 오염
2. 파이버 오염, 손상 또는 번 인(burn-in) 발생
3. 제어 보드 또는 광학부의 평가 전자회로 이상
4. 광학부와 제어 보드 간 연결 이상","1. 커버 글래스의 오염 상태를 점검하고 필요 시 청소 또는 교체하십시오.
2. 파이버 오염 상태를 점검하고 필요 시 청소 또는 교체하십시오.
3. 문제가 지속되면 해당 IPG 서비스 부서에 문의하십시오.",보호 유리/프로세스 파이버/옵틱 헤드,Picker,,,
12504,공정 모니터에서 Seam drive의 속도가 설정된 감시 범위를 벗어난 것으로 판단될 경우 이 메시지가 활성화됩니다.,Seam drive 속도,"1. 공정 파라미터 한계값 설정 오류
2. Seam drive의 타이밍 벨트 파손
3. 리니어 가이드 구속 또는 작동 불량
4. 센서 이상","1. Monitoring메뉴에서Process Monitor서브메뉴를 열어 어떤 공정 파라미터가 설정 한계를 벗어나는지 확인하십시오.
2. 필요 시 적절한 한계값으로 설정하십시오.
3. 레이저 용접 툴(Picker/C-gun) 커버를 열고 Seam drive의 타이밍 벨트를 점검하고 필요 시 교체하십시오.
4. 관련 하드웨어를 점검하고 필요 시 원인을 제거하십시오.
5. 문제가 지속되면 해당 IPG 서비스 부서에 문의하십시오.",공정 모니터링,LSS Controller,,,
12505,공정 모니터에서 Wobble 주파수가 설정된 감시 범위를 벗어난 것으로 판단될 경우 이 메시지가 활성화됩니다.,Wobble 주파수,"1. 공정 파라미터 한계값 설정 오류
2. 기구부 구속 또는 작동 불량
3. 드라이브 이상","1. Monitoring메뉴에서Process Monitor서브메뉴를 열어 어떤 공정 파라미터가 설정 한계를 벗어나는지 확인하십시오.
2. 필요 시 적절한 한계값으로 설정하십시오.
3. 기구부의 자유로운 동작 여부를 확인하고 필요 시 광학부를 중앙 위치로 조정하십시오.
4. 관련 하드웨어를 점검하고 필요 시 원인을 제거하십시오.
5. 문제가 지속되면 해당 IPG 서비스 부서에 문의하십시오.",공정 모니터링,LSS Controller,,,
12506,공정 모니터에서 Seam 길이가 설정된 감시 범위를 벗어난 것으로 판단될 경우 이 메시지가 활성화됩니다.,Seam 길이,"1. 공정 파라미터 한계값 설정 오류
2. Seam drive의 타이밍 벨트 파손
3. 리니어 가이드 구속 또는 작동 불량
4. 센서 이상","1. Monitoring메뉴에서Process Monitor서브메뉴를 열어 어떤 공정 파라미터가 설정 한계를 벗어나는지 확인하십시오.
2. 필요 시 적절한 한계값으로 설정하십시오.
3. 레이저 용접 툴(Picker/C-gun) 커버를 열고 Seam drive의 타이밍 벨트를 점검하고 필요 시 교체하십시오.
4. 관련 하드웨어를 점검하고 필요 시 원인을 제거하십시오.
5. 문제가 지속되면 해당 IPG 서비스 부서에 문의하십시오.",공정 모니터링,LSS Controller,,,
12507,공정 모니터에서 레이저 용접 툴(Picker/C-gun)의 흡입 성능이 설정된 감시 범위를 벗어난 것으로 판단될 경우 이 메시지가 활성화됩니다.,"흡입 성능, 레이저 용접 툴(Picker/C-gun)","1. 공정 파라미터 한계값 설정 오류
2. 흡입 호스 손상 또는 미연결
3. Sensor 이상
4. 흡입 장치 미동작 또는 이상","1. Monitoring메뉴에서Process Monitor서브메뉴를 열어 어떤 공정 파라미터가 설정 한계를 벗어나는지 확인하십시오.
2. 필요 시 적절한 한계값으로 설정하십시오.
3. 흡입 호스를 점검하고 필요 시 연결 또는 교체하십시오.
4. 흡입 장치를 작동시키십시오.
5. 필요 시 흡입 장치를 수리하십시오.",공정 모니터링,LSS Controller,,,
12601,공정 제어에서 Sensor 1의 측정값이 설정된 감시 범위를 벗어난 것으로 판단될 경우 이 메시지가 활성화됩니다.,Sensor 1,1. 현재 측정된 곡선과 기준 곡선 간 편차 발생,"1. 용접 비드 품질을 확인하십시오.
2. 재질의 오염 여부 및 특성을 확인하십시오.
3. Monitoring메뉴에서Process Control서브메뉴를 열어 에러 패턴을 분석하십시오.
4. 다시 용접을 수행하십시오.
5. 필요 시 기준 용접을 다시 수행하십시오.
6. 필요 시 각 센서의 허용 오차를 조정하십시오.",공정 제어,LSS Controller,,,
12603,공정 제어에서 Sensor 2의 측정값이 설정된 감시 범위를 벗어난 것으로 판단될 경우 이 메시지가 활성화됩니다.,Sensor 2,1. 현재 측정된 곡선과 기준 곡선 간 편차 발생,"1. 용접 비드 품질을 확인하십시오.
2. 재질의 오염 여부 및 특성을 확인하십시오.
3. Monitoring메뉴에서Process Control서브메뉴를 열어 에러 패턴을 분석하십시오.
4. 다시 용접을 수행하십시오.
5. 필요 시 기준 용접을 다시 수행하십시오.
6. 필요 시 각 센서의 허용 오차를 조정하십시오.",공정 제어,LSS Controller,,,
12607,공정 제어에서 Sensor 3의 측정값이 설정된 감시 범위를 벗어난 것으로 판단될 경우 이 메시지가 활성화됩니다.,Sensor 3,1. 현재 측정된 곡선과 기준 곡선 간 편차 발생,"1. 용접 비드 품질을 확인하십시오.
2. 재질의 오염 여부 및 특성을 확인하십시오.
3. Monitoring메뉴에서Process Control서브메뉴를 열어 에러 패턴을 분석하십시오.
4. 다시 용접을 수행하십시오.
5. 필요 시 기준 용접을 다시 수행하십시오.
6. 필요 시 각 센서의 허용 오차를 조정하십시오.",공정 제어,LSS Controller,,,
12609,공정 제어에서 LIT 평가 값이 설정된 감시 범위를 벗어난 것으로 판단될 경우 이 메시지가 활성화됩니다.,LIT 평가,1. 현재 측정값이 허용 오차 범위를 벗어남,"1. 용접 비드 품질을 확인하십시오.
2. 재질의 오염 여부 및 특성을 확인하십시오.
3. Monitoring메뉴에서Process Control서브메뉴를 열어 에러 패턴을 분석하십시오.
4. 다시 용접을 수행하십시오.
5. 필요 시 기준 용접을 다시 수행하십시오.
6. 필요 시 각 센서의 허용 오차를 조정하십시오.",공정 제어,LSS Controller,,,
13014,Z 드라이브에서 하나 이상의 알람이 발생할 경우 이 메시지가 활성화됩니다.,Z 드라이브,"1. 모터 또는 엔코더 케이블 이상
2. 모터 이상
3. 컨트롤러 이상
4. 위치 추종 오차 발생","1. Welding tool메뉴에서Z-Drive탭을 열어 Z 드라이브 컨트롤러의 상태 코드를 확인하십시오.
2. 코드를 Z 드라이브 제조사(Parker Hannifin Corp)의 제품 문서와 비교하십시오.
3. Parker 제품 문서에 따라 문제를 해결하십시오.
4. 문제가 지속되면 해당 IPG 서비스 부서에 문의하십시오.",Z-drive 컨트롤러/통신 케이블(1XG1 1XG2),LSS Controller,,,
13014,Z 드라이브에서 하나 이상의 알람이 발생할 경우 이 메시지가 활성화됩니다.,Z 드라이브,"1. 모터 또는 엔코더 케이블 이상
2. 모터 이상
3. 컨트롤러 이상
4. 위치 추종 오차 발생","1. Welding tool메뉴에서Z-Drive탭을 열어 Z 드라이브 컨트롤러의 상태 코드를 확인하십시오.
2. 코드를 Z 드라이브 제조사(Parker Hannifin Corp)의 제품 문서와 비교하십시오.
3. Parker 제품 문서에 따라 문제를 해결하십시오.
4. 문제가 지속되면 해당 IPG 서비스 부서에 문의하십시오.",Z-drive/Encoder,Picker,,,
13019,프로그램 실행 중 하나 이상의 안전 오류가 발생할 경우 이 메시지가 활성화됩니다.,안전 오류,1. 추가 알람 메시지 참조,상태 메시지,세이프티,LSS Controller,,,
13021,두 개의 센서 핀 중 하나 이상이 워크피스와 접촉하지 않을 경우 이 메시지가 활성화됩니다.,워크피스 식별,"1. 워크피스 형상 이상
2. 센서 핀 파손
3. 워크피스 대비 프레셔 피스 위치 불량","1. 규정된 재질을 사용하여 작업하십시오.
2. 프레셔 피스를 교체하십시오.
3. 워크피스와 프레셔 피스의 위치 관계를 확인하고 필요 시 로봇 티칭을 다시 수행하십시오.",프레셔 피스,Picker,,,
13021,두 개의 센서 핀 중 하나 이상이 워크피스와 접촉하지 않을 경우 이 메시지가 활성화됩니다.,워크피스 식별,"1. 워크피스 형상 이상
2. 센서 핀 파손
3. 워크피스 대비 프레셔 피스 위치 불량","1. 규정된 재질을 사용하여 작업하십시오.
2. 프레셔 피스를 교체하십시오.
3. 워크피스와 프레셔 피스의 위치 관계를 확인하고 필요 시 로봇 티칭을 다시 수행하십시오.",위치 티칭,Robot,,,
13022,레이저 발진 시간이 최대 허용 시간(5초)을 초과할 경우 이 메시지가 활성화됩니다.,최대 발진 시간,"1. 용접 프로그램 파라미터 설정 오류
2. 전원 공급 장치 이상","1. 용접 프로그램의 파라미터를 적절하게 설정하십시오.
2. LSS 컨트롤러를 재시작하십시오.
3. 문제가 지속되면 해당 IPG 서비스 부서에 문의하십시오.",공정 파라미터/파워 서플라이,LSS Controller,,,
13023,산란광 측정값이 설정된 Fault 한계값에 도달할 경우 이 메시지가 활성화됩니다.,산란광 값 과다,"1. 커버 글래스 오염
2. 파이버 오염, 손상 또는 번 인(burn-in) 발생
3. 제어 보드 또는 광학부의 평가 전자회로 이상
4. 광학부와 제어 보드 간 연결 이상","1. 커버 글래스의 오염 상태를 점검하고 필요 시 청소 또는 교체하십시오.
2. 파이버 오염 상태를 점검하고 필요 시 청소 또는 교체하십시오.
3. 문제가 지속되면 해당 IPG 서비스 부서에 문의하십시오.",보호 유리/프로세스 파이버/옵틱 헤드,Picker,,,
13041,프레셔 피스(하부) 홀더의 온도 센서에서 알람 임계값을 초과한 온도가 감지될 경우 이 메시지가 활성화됩니다.,프레셔 피스(하부) 홀더 온도,"1. 부적절한 용접 파라미터로 인한 과열
2. 프레셔 피스(하부) 냉각 이상
3. 온도 Sensor 이상","1. 설정된 프로그램 파라미터를 확인하고 필요 시 조정하십시오.
2. 프레셔 피스(하부)의 냉각 상태를 점검하고 냉각수 호스의 꺾임 여부를 확인한 후 문제를 조치하십시오.
3. 온도 Sensor의 동작 상태를 점검하고 필요 시 교체하십시오.
4. 문제가 지속되면 해당 IPG 서비스 부서에 문의하십시오.",프레셔 피스,Picker,,,
13042,레이저 용접 툴(Picker/C-gun)의 흡입 성능이 알람 임계값 이하로 저하될 경우 이 메시지가 활성화됩니다.,"흡입 성능, 레이저 용접 툴(Picker/C-gun)","1. 흡입 라인 꺾임 또는 파손
2. 필터 또는 흡입 라인 막힘
3. 프레셔 피스, 흡입 호스 또는 샤프트 막힘
4. 흡입 장치 이상
5. 공정 파라미터 한계값 설정 오류
6. Sensor 이상","1. 흡입 라인의 꺾임 또는 파손 여부를 확인하고 로봇 동작 시 손상되지 않도록 조치하십시오.
2. External메뉴의Suction탭에서 필터 상태를 확인하고 필요 시 교체하십시오.
3. External→Suction탭에서Clean버튼을 실행하십시오.
4. 프레셔 피스 및 흡입 라인, 샤프트를 수동으로 청소하십시오.
5. 흡입 장치의 이상 여부를 점검하고 문제를 조치하십시오.
6. 필요 시 흡입 호스를 교체하십시오.
7. External→Suction탭의Config메뉴에서 설정 파라미터를 확인하고 필요 시 조정하십시오.
8. 문제가 지속되면 해당 IPG 서비스 부서에 문의하십시오.",프레셔 피스/석션 호스/샤프트/석션 파이프,Picker,,,
13042,레이저 용접 툴(Picker/C-gun)의 흡입 성능이 알람 임계값 이하로 저하될 경우 이 메시지가 활성화됩니다.,"흡입 성능, 레이저 용접 툴(Picker/C-gun)","1. 흡입 라인 꺾임 또는 파손
2. 필터 또는 흡입 라인 막힘
3. 프레셔 피스, 흡입 호스 또는 샤프트 막힘
4. 흡입 장치 이상
5. 공정 파라미터 한계값 설정 오류
6. Sensor 이상","1. 흡입 라인의 꺾임 또는 파손 여부를 확인하고 로봇 동작 시 손상되지 않도록 조치하십시오.
2. External메뉴의Suction탭에서 필터 상태를 확인하고 필요 시 교체하십시오.
3. External→Suction탭에서Clean버튼을 실행하십시오.
4. 프레셔 피스 및 흡입 라인, 샤프트를 수동으로 청소하십시오.
5. 흡입 장치의 이상 여부를 점검하고 문제를 조치하십시오.
6. 필요 시 흡입 호스를 교체하십시오.
7. External→Suction탭의Config메뉴에서 설정 파라미터를 확인하고 필요 시 조정하십시오.
8. 문제가 지속되면 해당 IPG 서비스 부서에 문의하십시오.",석션 호스/석션 모터/설정 파라미터,Fumator,,,
13047,채널 2에서 설정된 클램핑 힘에 도달하지 못할 경우 이 메시지가 활성화됩니다.,클램핑 힘 채널 2,"1. 용접 프로그램의 “Work Stroke closed” 위치 설정 오류
2. 로봇 용접 위치 티칭 오류
3. 힘 센서 보정 불량 또는 미보정
4. 힘 센서 이상","1. “Work Stroke closed” 위치를 확인하고 필요 시 재설정하십시오.
2. 로봇 위치를 확인하고 필요 시 재티칭하십시오.
3. 힘 센서를 재보정하십시오.
4. 문제가 지속되면 해당 IPG 서비스 부서에 문의하십시오.",포스 센서,Picker,,,
13047,채널 2에서 설정된 클램핑 힘에 도달하지 못할 경우 이 메시지가 활성화됩니다.,클램핑 힘 채널 2,"1. 용접 프로그램의 “Work Stroke closed” 위치 설정 오류
2. 로봇 용접 위치 티칭 오류
3. 힘 센서 보정 불량 또는 미보정
4. 힘 센서 이상","1. “Work Stroke closed” 위치를 확인하고 필요 시 재설정하십시오.
2. 로봇 위치를 확인하고 필요 시 재티칭하십시오.
3. 힘 센서를 재보정하십시오.
4. 문제가 지속되면 해당 IPG 서비스 부서에 문의하십시오.",위치 티칭,Robot,,,
13048,프로그램 실행 중 채널 1에서 최소 클램핑 힘에 도달하지 못할 경우 이 메시지가 활성화됩니다.,최소 클램핑 힘 채널 1,1. 워크피스 형상 이상,1. 규정된 재질을 사용하여 작업하십시오.,워크피스,Customer,,,
13049,프로그램 실행 중 채널 2에서 최소 클램핑 힘에 도달하지 못할 경우 이 메시지가 활성화됩니다.,최소 클램핑 힘 채널 2,1. 워크피스 형상 이상,1. 규정된 재질을 사용하여 작업하십시오.,워크피스,Customer,,,
13050,프로그램 실행 중 채널 1과 2에서 최소 클램핑 힘에 모두 도달하지 못할 경우 이 메시지가 활성화됩니다.,최소 클램핑 힘 채널 1&2,1. 워크피스 형상 이상,1. 규정된 재질을 사용하여 작업하십시오.,워크피스,Customer,,,
13051,프로그램 실행 중 센서 핀 1이 워크피스 표면과의 접촉을 상실할 경우 이 메시지가 활성화됩니다.,워크피스 식별 센서 핀 1,1. 워크피스 미끄러짐,1. 워크피스가 미끄러지지 않도록 고정하십시오.,위치 티칭,Robot,,,
13052,프로그램 실행 중 센서 핀 2가 워크피스 표면과의 접촉을 상실할 경우 이 메시지가 활성화됩니다.,워크피스 식별 센서 핀 2,1. 워크피스 미끄러짐,1. 워크피스가 미끄러지지 않도록 고정하십시오.,위치 티칭,Robot,,,
13053,프로그램 실행 중 센서 핀 1과 2가 모두 워크피스 표면과의 접촉을 상실할 경우 이 메시지가 활성화됩니다.,워크피스 식별 센서 핀 1&2,1. 워크피스 형상 이상,1. 규정된 재질을 사용하여 작업하십시오.,워크피스,Customer,,,
13054,외부 비상 정지(E-Stop) 회로가 열릴 경우 이 메시지가 발생합니다. 이로 인해 Z 드라이브는 안전하게 정지되며 레이저 발진 및 레이저 전원 공급이 차단됩니다.,외부 비상 정지,1. 외부 안전 회로의 한 개 이상의 채널이 개방됨,"1. Fault 해제를 위해 두 개의 안전 회로를 모두 개방하십시오.
2. 이후 두 채널을 모두 닫아 안전 회로를 재활성화하십시오.",세이프티,Robot,,,
13055,형상 검사가 정상적으로 완료되지 않을 경우 이 메시지가 활성화됩니다.,형상 검사,"1. 레이저 용접 툴(Picker/C-gun) 형상 이상
2. 형상 검사 장치의 광센서가 프레셔 피스(하부)를 감지하지 못함
3. 광센서 이상 또는 미연결
4. 설정된 클램핑 힘 미도달
5. 프레셔 피스(상부)의 센서 핀 미인식","1. 형상 검사를 다시 수행하십시오.
2. 형상 검사 장치의 하드웨어 상태를 점검하십시오.
3. 형상 검사 장치 내에서 레이저 용접 툴(Picker/C-gun)의 위치를 확인하십시오.
4. 필요 시 로봇 위치를 재티칭하십시오.
5. 필요 시 프레셔 피스를 교체하십시오.",프레셔 피스/포스 센서,Picker,,,
13055,형상 검사가 정상적으로 완료되지 않을 경우 이 메시지가 활성화됩니다.,형상 검사,"1. 레이저 용접 툴(Picker/C-gun) 형상 이상
2. 형상 검사 장치의 광센서가 프레셔 피스(하부)를 감지하지 못함
3. 광센서 이상 또는 미연결
4. 설정된 클램핑 힘 미도달
5. 프레셔 피스(상부)의 센서 핀 미인식","1. 형상 검사를 다시 수행하십시오.
2. 형상 검사 장치의 하드웨어 상태를 점검하십시오.
3. 형상 검사 장치 내에서 레이저 용접 툴(Picker/C-gun)의 위치를 확인하십시오.
4. 필요 시 로봇 위치를 재티칭하십시오.
5. 필요 시 프레셔 피스를 교체하십시오.",위치 티칭,Robot,,,
13056,LSS 컨트롤러에서 외부 레이저 Enable 신호가 차단될 경우 이 메시지가 활성화됩니다.,외부 레이저 Enable,"1. 안전 인터페이스에 케이블이 연결되지 않음
2. 안전 인터페이스 배선 오류
3. 안전 회로 차단 (예: 캐비닛 도어 열림)","1. 케이블이 안전 인터페이스에 정상적으로 연결되어 있는지 확인하십시오.
2. 안전 인터페이스 배선 상태를 점검하십시오.
3. 안전 회로를 복구하십시오 (예: 캐비닛 도어 닫기).",세이프티,Robot,,에어 시스템/공정 파라미터,LSS Controller
13056,LSS 컨트롤러에서 외부 레이저 Enable 신호가 차단될 경우 이 메시지가 활성화됩니다.,외부 레이저 Enable,"1. 안전 인터페이스에 케이블이 연결되지 않음
2. 안전 인터페이스 배선 오류
3. 안전 회로 차단 (예: 캐비닛 도어 열림)","1. 케이블이 안전 인터페이스에 정상적으로 연결되어 있는지 확인하십시오.
2. 안전 인터페이스 배선 상태를 점검하십시오.
3. 안전 회로를 복구하십시오 (예: 캐비닛 도어 닫기).",세이프티 케이블(XP2),LSS Controller,,압축 공기 유량,Customer
13057,오버젯의 공기 유량이 알람 임계값 이하로 저하될 경우 이 메시지가 활성화됩니다.,오버젯 공기 유량,"1. 압축 공기 미연결
2. 레귤레이터 설정 오류
3. 유량 스위치 설정 오류
4. LSS 소프트웨어 한계값 설정 오류
5. 레이저 용접 툴(Picker/C-gun) 오버젯 밸브 이상
6. 튜브 패키지 또는 레이저 용접 툴 내 호스 꺾임","1. 압축 공기를 연결하십시오.
2. 용접 조건에 맞게 레귤레이터를 설정하십시오.
3. 설정된 유량에 맞게 유량 센서를 구성하십시오.
4. LSS 소프트웨어에서 한계값을 설정하십시오.
5. 오버젯 밸브를 점검하고 필요 시 교체하십시오.
6. 호스 상태를 점검하십시오.",에어 시스템/공정 파라미터,LSS Controller,,,
13057,오버젯의 공기 유량이 알람 임계값 이하로 저하될 경우 이 메시지가 활성화됩니다.,오버젯 공기 유량,"1. 압축 공기 미연결
2. 레귤레이터 설정 오류
3. 유량 스위치 설정 오류
4. LSS 소프트웨어 한계값 설정 오류
5. 레이저 용접 툴(Picker/C-gun) 오버젯 밸브 이상
6. 튜브 패키지 또는 레이저 용접 툴 내 호스 꺾임","1. 압축 공기를 연결하십시오.
2. 용접 조건에 맞게 레귤레이터를 설정하십시오.
3. 설정된 유량에 맞게 유량 센서를 구성하십시오.
4. LSS 소프트웨어에서 한계값을 설정하십시오.
5. 오버젯 밸브를 점검하고 필요 시 교체하십시오.
6. 호스 상태를 점검하십시오.",오버젯 밸브/유량 센서/에어 시스템,Picker,,,
13057,오버젯의 공기 유량이 알람 임계값 이하로 저하될 경우 이 메시지가 활성화됩니다.,오버젯 공기 유량,"1. 압축 공기 미연결
2. 레귤레이터 설정 오류
3. 유량 스위치 설정 오류
4. LSS 소프트웨어 한계값 설정 오류
5. 레이저 용접 툴(Picker/C-gun) 오버젯 밸브 이상
6. 튜브 패키지 또는 레이저 용접 툴 내 호스 꺾임","1. 압축 공기를 연결하십시오.
2. 용접 조건에 맞게 레귤레이터를 설정하십시오.
3. 설정된 유량에 맞게 유량 센서를 구성하십시오.
4. LSS 소프트웨어에서 한계값을 설정하십시오.
5. 오버젯 밸브를 점검하고 필요 시 교체하십시오.
6. 호스 상태를 점검하십시오.",압축 공기 유량,Customer,,,
13058,공정 모니터링에서 용접 파라미터 이상이 감지될 경우 이 메시지가 활성화됩니다.,공정 모니터링,1. 추가 알람 메시지 참조,1. 추가 알람 메시지를 확인하십시오.,공정 모니터링,LSS Controller,,,
13059,공정 제어에서 용접 공정 이상이 감지될 경우 이 메시지가 활성화됩니다.,공정 제어,1. 추가 알람 메시지 참조,1. 추가 알람 메시지를 확인하십시오.,공정 제어,LSS Controller,,,
13060,외부 힘 센서(채널 2)가 컨트롤러에서 감지되지 않을 경우 이 메시지가 활성화됩니다.,힘 센서 채널 2,"1. 힘 센서 미연결
2. 힘 센서 이상
3. 케이블 이상","1. 힘 센서의 연결 및 케이블 상태를 점검하고 문제를 조치하십시오.
2. 필요 시 힘 센서를 교체하십시오.",포스 센서,Picker,,,
13060,외부 힘 센서(채널 2)가 컨트롤러에서 감지되지 않을 경우 이 메시지가 활성화됩니다.,힘 센서 채널 2,"1. 힘 센서 미연결
2. 힘 센서 이상
3. 케이블 이상","1. 힘 센서의 연결 및 케이블 상태를 점검하고 문제를 조치하십시오.
2. 필요 시 힘 센서를 교체하십시오.",위치 티칭,Robot,,,
13063,승인되지 않은 옵션이 활성화된 경우 이 메시지가 발생합니다.,구성 오류,1. 메인 컨트롤러 구성 설정 오류,1. 해당 IPG 서비스 부서에 문의하십시오.,MCU,LSS Controller,,,
13064,Z 드라이브의 외부 힘 센서가 보정되지 않았거나 이상이 있을 경우 이 메시지가 활성화됩니다.,외부 힘 센서,"1. 힘 센서 미보정
2. 힘 센서 미연결
3. 힘 센서 이상
4. 케이블 이상","1. 힘 센서의 연결 및 케이블 상태를 점검하고 문제를 조치하십시오.
2. 필요 시 힘 센서를 교체하십시오.
3. 힘 센서를 보정하십시오.",포스 센서,Picker,,,
13064,Z 드라이브의 외부 힘 센서가 보정되지 않았거나 이상이 있을 경우 이 메시지가 활성화됩니다.,외부 힘 센서,"1. 힘 센서 미보정
2. 힘 센서 미연결
3. 힘 센서 이상
4. 케이블 이상","1. 힘 센서의 연결 및 케이블 상태를 점검하고 문제를 조치하십시오.
2. 필요 시 힘 센서를 교체하십시오.
3. 힘 센서를 보정하십시오.",위치 티칭,Robot,,,
13061,외부 힘 센서(채널 1)가 컨트롤러에서 감지되지 않을 경우 이 메시지가 활성화됩니다.,힘 센서 채널 1,"1. 힘 센서 미연결
2. 힘 센서 이상
3. 케이블 이상","1. 힘 센서의 연결 및 케이블 상태를 점검하고 문제를 조치하십시오.
2. 필요 시 힘 센서를 교체하십시오.",포스 센서,Picker,,,
13061,외부 힘 센서(채널 1)가 컨트롤러에서 감지되지 않을 경우 이 메시지가 활성화됩니다.,힘 센서 채널 1,"1. 힘 센서 미연결
2. 힘 센서 이상
3. 케이블 이상","1. 힘 센서의 연결 및 케이블 상태를 점검하고 문제를 조치하십시오.
2. 필요 시 힘 센서를 교체하십시오.",위치 티칭,Robot,,,
13062,승인되지 않은 옵션이 활성화된 경우 이 메시지가 발생합니다.,구성 오류,1. 메인 컨트롤러 구성 설정 오류,1. 해당 IPG 서비스 부서에 문의하십시오.,MCU,LSS Controller,,,
12341,광학 회로의 냉각수 전기 전도도가 기술 데이터 사양 범위를 벗어날 경우 이 메시지가 활성화됩니다. 레이저 칠러는 계속 동작합니다.,광학 회로 냉각수 전기 전도도,상태 메시지,1. DI 카트리지에 의해 냉각수가 탈이온화될 때까지 몇 분간 기다리십시오.,냉각수,LCI Chiller,,,
12343,펌프용 모터 보호 스위치가 과전류로 인해 차단될 경우 이 메시지가 활성화됩니다.,광학 회로 펌프 과전류,상태 메시지,상태 메시지,모터 보호 스위치,LCI Chiller,,,
12346,탱크 히터용 모터 보호 스위치가 과전류로 인해 차단될 경우 이 메시지가 활성화됩니다.,광학 회로 탱크 히터 과전류,상태 메시지,상태 메시지,히터,LCI Chiller,,,
12348,컴프레서용 모터 보호 스위치가 과전류로 인해 차단될 경우 이 메시지가 활성화됩니다.,컴프레서 과전류,상태 메시지,상태 메시지,컴프레서,LCI Chiller,,,
12349,팬용 모터 보호 스위치가 과전류로 인해 차단될 경우 이 메시지가 활성화됩니다.,팬 과전류,상태 메시지,상태 메시지,팬 보호 스위치,LCI Chiller,,,
12350,냉각수 유입 온도가 기술 데이터 사양 범위를 벗어날 경우 이 메시지가 활성화됩니다.,유입 온도 플로우 히터,상태 메시지,상태 메시지,히터,LCI Chiller,,,
12351,냉각수 유입 압력이 기술 데이터 사양 범위를 벗어날 경우 이 메시지가 활성화됩니다.,유입 압력 플로우 히터,상태 메시지,상태 메시지,히터,LCI Chiller,,,
12352,냉각수 유출 온도가 기술 데이터 사양 범위를 벗어날 경우 이 메시지가 활성화됩니다.,유출 온도 플로우 히터,상태 메시지,상태 메시지,히터,LCI Chiller,,,
12353,냉각수 유량이 기술 데이터 사양 범위를 벗어날 경우 이 메시지가 활성화됩니다.,냉각수 유량 플로우 히터,상태 메시지,상태 메시지,히터,LCI Chiller,,,
12354,레이저 칠러의 레이저 회로에서 냉각수 온도가 기술 데이터 사양 범위를 벗어날 경우 이 메시지가 활성화됩니다. 레이저 칠러는 계속 동작합니다.,레이저 회로 냉각수 온도,"1. 레이저 칠러 또는 냉각 대상 장치의 밸브가 닫혀 있거나 완전히 열리지 않음
2. 스트레이너 오염","1. 냉각수가 설정 온도까지 예열될 때까지 기다리십시오.
2. 레이저 칠러 및 냉각 대상 장치의 모든 밸브가 열려 있는지 확인하십시오.
3. 레이저 칠러의 다른 알람 메시지가 있는지 확인하십시오.
4. 스트레이너의 오염 상태를 점검하고 필요 시 청소하십시오.",냉각 호스/스트레이너,LSS Controller,,,
12354,레이저 칠러의 레이저 회로에서 냉각수 온도가 기술 데이터 사양 범위를 벗어날 경우 이 메시지가 활성화됩니다. 레이저 칠러는 계속 동작합니다.,레이저 회로 냉각수 온도,"1. 레이저 칠러 또는 냉각 대상 장치의 밸브가 닫혀 있거나 완전히 열리지 않음
2. 스트레이너 오염","1. 냉각수가 설정 온도까지 예열될 때까지 기다리십시오.
2. 레이저 칠러 및 냉각 대상 장치의 모든 밸브가 열려 있는지 확인하십시오.
3. 레이저 칠러의 다른 알람 메시지가 있는지 확인하십시오.
4. 스트레이너의 오염 상태를 점검하고 필요 시 청소하십시오.",냉각 호스/냉각수 밸브/히터,LCI Chiller,,,
12355,레이저 칠러의 레이저 회로에서 냉각수 압력이 기술 데이터 사양 범위를 벗어날 경우 이 메시지가 활성화됩니다.,레이저 회로 냉각수 압력,"1. 레이저 칠러 또는 냉각 대상 장치의 밸브가 닫혀 있거나 완전히 열리지 않음
2. 스트레이너 오염","1. 레이저 칠러 및 냉각 대상 장치의 모든 밸브가 열려 있는지 확인하십시오.
2. 스트레이너의 오염 상태를 점검하고 필요 시 청소하십시오.
3. 레이저 칠러의 다른 알람 메시지가 있는지 확인하십시오.
4. 문제가 해결되지 않을 경우 해당 IPG 서비스 부서에 문의하십시오.",냉각 호스/스트레이너,LSS Controller,,,
12355,레이저 칠러의 레이저 회로에서 냉각수 압력이 기술 데이터 사양 범위를 벗어날 경우 이 메시지가 활성화됩니다.,레이저 회로 냉각수 압력,"1. 레이저 칠러 또는 냉각 대상 장치의 밸브가 닫혀 있거나 완전히 열리지 않음
2. 스트레이너 오염","1. 레이저 칠러 및 냉각 대상 장치의 모든 밸브가 열려 있는지 확인하십시오.
2. 스트레이너의 오염 상태를 점검하고 필요 시 청소하십시오.
3. 레이저 칠러의 다른 알람 메시지가 있는지 확인하십시오.
4. 문제가 해결되지 않을 경우 해당 IPG 서비스 부서에 문의하십시오.",냉각 호스/냉각수 밸브,LCI Chiller,,,
12366,온도 Sensor에서 이상이 발생할 경우 이 메시지가 활성화됩니다.,광학 회로 온도 Sensor,상태 메시지,상태 메시지,온도 센서,LCI Chiller,,,
12371,압력 Sensor에서 이상이 발생할 경우 이 메시지가 활성화됩니다.,냉매 저압 스위치,상태 메시지,상태 메시지,압력 센서,LCI Chiller,,,
12372,압력 Sensor에서 이상이 발생할 경우 이 메시지가 활성화됩니다.,냉매 고압 Sensor,상태 메시지,상태 메시지,압력 센서,LCI Chiller,,,
12373,압력 Sensor에서 이상이 발생할 경우 이 메시지가 활성화됩니다.,광학 회로 압력 Sensor,상태 메시지,상태 메시지,압력 센서,LCI Chiller,,,
12377,전도도 Sensor에서 이상이 발생할 경우 이 메시지가 활성화됩니다.,전도도 Sensor,상태 메시지,상태 메시지,전도도 센서,LCI Chiller,,,
12383,컴프레서의 전원 상이 잘못 연결될 경우 이 메시지가 활성화됩니다. 레이저 칠러는 자동으로 정지됩니다.,컴프레서 상전 이상,1. 전원 상 연결 오류,1. 컴프레서 전원 상 연결 상태를 점검하고 필요 시 올바르게 결선하십시오.,공급 전원,LSS Controller,,,
12387,온도 Sensor에서 이상이 발생할 경우 이 메시지가 활성화됩니다.,레이저 회로 온도 Sensor,"1. Sensor 접촉 불량
2. Sensor 이상",1. 문제 해결 후 알람을 리셋하려면 LaserNet의Control탭에서Reset버튼을 누르거나 레이저 칠러 전기 캐비닛의 RESET 버튼을 누르십시오.,온도 센서,LCI Chiller,,,
12388,온도 Sensor #2에서 이상이 발생할 경우 이 메시지가 활성화됩니다.,레이저 회로 온도 Sensor #2,"1. Sensor 접촉 불량
2. Sensor 이상",1. 문제 해결 후 알람을 리셋하려면 LaserNet의Control탭에서Reset버튼을 누르거나 레이저 칠러 전기 캐비닛의 RESET 버튼을 누르십시오.,온도 센서,LCI Chiller,,,
12389,레이저 회로에 사용된 두 개의 온도 Sensor 측정값 차이가 3°C를 초과할 경우 이 메시지가 활성화됩니다. 이는 Sensor 중 하나에 이상이 있음을 의미할 수 있습니다.,레이저 회로 온도 편차,상태 메시지,"1. 센서 오류 여부를 확인하십시오.
2. 두 개의 온도 Sensor 단자의 접촉 상태를 점검하십시오.
3. 접촉 불량이 없을 경우 Sensor 이상으로 판단되며, 해당 IPG 서비스 부서에 문의하십시오.",온도 센서,LCI Chiller,,,
12390,압력 Sensor에서 이상이 발생할 경우 이 메시지가 활성화됩니다.,레이저 회로 압력 Sensor,"1. Sensor 전압 공급 불량
2. Sensor 접촉 불량
3. Sensor 이상",1. 문제 해결 후 알람을 리셋하려면 LaserNet의Control탭에서Reset버튼을 누르거나 레이저 칠러 전기 캐비닛의 RESET 버튼을 누르십시오.,압력 센서,LCI Chiller,,,
12391,온도 Sensor에서 이상이 발생할 경우 이 메시지가 활성화됩니다.,유입 온도 Sensor 플로우 히터,"1. Sensor 접촉 불량
2. Sensor 이상",1. 문제 해결 후 알람을 리셋하려면 LaserNet의Control탭에서Reset버튼을 누르거나 레이저 칠러 전기 캐비닛의 RESET 버튼을 누르십시오.,온도 센서,LCI Chiller,,,
12392,온도 Sensor에서 이상이 발생할 경우 이 메시지가 활성화됩니다.,유출 온도 Sensor 플로우 히터,"1. Sensor 접촉 불량
2. Sensor 이상",1. 문제 해결 후 알람을 리셋하려면 LaserNet의Control탭에서Reset버튼을 누르거나 레이저 칠러 전기 캐비닛의 RESET 버튼을 누르십시오.,온도 센서,LCI Chiller,,,
12393,압력 Sensor에서 이상이 발생할 경우 이 메시지가 활성화됩니다.,유입 압력 Sensor 플로우 히터,"1. Sensor 전원 공급 불량
2. Sensor 접촉 불량
3. Sensor 이상",1. 문제 해결 후 알람을 리셋하려면 LaserNet의Control탭에서Reset버튼을 누르거나 레이저 칠러 전기 캐비닛의 RESET 버튼을 누르십시오.,압력 센서,LCI Chiller,,,
12208,용접 툴의 냉각수 유량이 알람 임계값을 초과할 경우 이 메시지가 발생합니다.,용접 도구 냉각수 유량,"1. 호스 패키지가 LSS 컨트롤러 또는 용접 툴에 연결되지 않음
2. 내장 레이저 칠러 제어 OFF
3. LSS 컨트롤러와 용접 툴 사이 물 호스 꺾임
4. 용접 툴 냉각 회로 내 수 필터 오염
5. LSS 컨트롤러 또는 용접 툴 내부/사이 배관 막힘
6. 유량 알람 허용값 설정 과다
7. 내장 레이저 칠러 일반 이상
8. 메인 전원 상 연결 오류
9. 워터 펌프 모터 릴레이 트립
10. 유량 모니터 불량 또는 미연결","1. 호스 패키지를 LSS 컨트롤러 및/또는 용접 툴에 연결하십시오.
2. 내장 레이저 칠러 제어를 ON 하십시오.
3. 호스 패키지 설치 상태를 점검하십시오.
4. 용접 툴 냉각 회로의 필터를 청소 또는 교체하십시오.
5. 호스, 용접 툴 또는 LSS 컨트롤러 내 막힘을 제거하십시오.
6. 냉각수 유량 허용 범위를 설정하십시오 (최소 0.5 l/min, 최대 1 l/min).
7. 내장 레이저 칠러의 이상 여부를 점검하고 조치하십시오.
8. 메인 전원 연결 상태를 점검하고 오류를 수정하십시오.
9. 워터 펌프 이상을 해소하고 모터 릴레이를 리셋하십시오.
10. 용접 툴의 유량 모니터를 점검하고 필요 시 교체하십시오.",냉각 호스/냉각수 밸브/스트레이너/공급 전원/유량 센서,LSS Controller,,,
12208,용접 툴의 냉각수 유량이 알람 임계값을 초과할 경우 이 메시지가 발생합니다.,용접 도구 냉각수 유량,"1. 호스 패키지가 LSS 컨트롤러 또는 용접 툴에 연결되지 않음
2. 내장 레이저 칠러 제어 OFF
3. LSS 컨트롤러와 용접 툴 사이 물 호스 꺾임
4. 용접 툴 냉각 회로 내 수 필터 오염
5. LSS 컨트롤러 또는 용접 툴 내부/사이 배관 막힘
6. 유량 알람 허용값 설정 과다
7. 내장 레이저 칠러 일반 이상
8. 메인 전원 상 연결 오류
9. 워터 펌프 모터 릴레이 트립
10. 유량 모니터 불량 또는 미연결","1. 호스 패키지를 LSS 컨트롤러 및/또는 용접 툴에 연결하십시오.
2. 내장 레이저 칠러 제어를 ON 하십시오.
3. 호스 패키지 설치 상태를 점검하십시오.
4. 용접 툴 냉각 회로의 필터를 청소 또는 교체하십시오.
5. 호스, 용접 툴 또는 LSS 컨트롤러 내 막힘을 제거하십시오.
6. 냉각수 유량 허용 범위를 설정하십시오 (최소 0.5 l/min, 최대 1 l/min).
7. 내장 레이저 칠러의 이상 여부를 점검하고 조치하십시오.
8. 메인 전원 연결 상태를 점검하고 오류를 수정하십시오.
9. 워터 펌프 이상을 해소하고 모터 릴레이를 리셋하십시오.
10. 용접 툴의 유량 모니터를 점검하고 필요 시 교체하십시오.",냉각 호스/냉각수 밸브/펌프,LCI Chiller,,,
12208,용접 툴의 냉각수 유량이 알람 임계값을 초과할 경우 이 메시지가 발생합니다.,용접 도구 냉각수 유량,"1. 호스 패키지가 LSS 컨트롤러 또는 용접 툴에 연결되지 않음
2. 내장 레이저 칠러 제어 OFF
3. LSS 컨트롤러와 용접 툴 사이 물 호스 꺾임
4. 용접 툴 냉각 회로 내 수 필터 오염
5. LSS 컨트롤러 또는 용접 툴 내부/사이 배관 막힘
6. 유량 알람 허용값 설정 과다
7. 내장 레이저 칠러 일반 이상
8. 메인 전원 상 연결 오류
9. 워터 펌프 모터 릴레이 트립
10. 유량 모니터 불량 또는 미연결","1. 호스 패키지를 LSS 컨트롤러 및/또는 용접 툴에 연결하십시오.
2. 내장 레이저 칠러 제어를 ON 하십시오.
3. 호스 패키지 설치 상태를 점검하십시오.
4. 용접 툴 냉각 회로의 필터를 청소 또는 교체하십시오.
5. 호스, 용접 툴 또는 LSS 컨트롤러 내 막힘을 제거하십시오.
6. 냉각수 유량 허용 범위를 설정하십시오 (최소 0.5 l/min, 최대 1 l/min).
7. 내장 레이저 칠러의 이상 여부를 점검하고 조치하십시오.
8. 메인 전원 연결 상태를 점검하고 오류를 수정하십시오.
9. 워터 펌프 이상을 해소하고 모터 릴레이를 리셋하십시오.
10. 용접 툴의 유량 모니터를 점검하고 필요 시 교체하십시오.",냉각 호스,Picker,,,
12249,살균제 처리 및/또는 냉각수 교체가 필요한 경우 이 메시지가 활성화됩니다.,냉각수 관리 필요,"1. 레이저 칠러의 살균제 처리 주기 잔여일이 0으로 설정됨
2. 냉각수 교체 주기 잔여일이 0으로 설정됨","1. 내장 레이저 칠러의 물 탱크 내 냉각수를 교체하십시오.
2. 내장 레이저 칠러의 물 탱크에 살균제(Biocide)를 주입하십시오.
3. 잔여일 카운터를 리셋하십시오.",냉각수,LCI Chiller,,,
13065,용접 후 공정 제어 분석이 설정된 시간 내에 완료되지 않을 경우 이 메시지가 활성화됩니다.,공정 제어 분석 미완료,"1. 네트워크 스위치 또는 공정 제어 컴퓨터 전원 공급 문제
2. 공정 제어 컴퓨터와 메인 인터페이스 간 통신 연결 없음
3. 네트워크 스위치 또는 공정 제어 컴퓨터 이상","1. 네트워크 스위치 및 공정 제어 컴퓨터의 전원 공급 상태를 점검하십시오.
2. LSS 컨트롤러 내부의 공정 제어 컴퓨터 배선을 점검하십시오.
3. 필요 시 네트워크 스위치 또는 공정 제어 컴퓨터를 교체하십시오.
4. 문제가 지속될 경우 해당 IPG 서비스 부서에 문의하십시오.",공정 제어,LSS Controller,,,
11223,컴바이너 모듈의 동작 온도가 경고 한계값인 38°C에 도달하면 이 메시지가 활성화됩니다.,컴바이너 과열,"1. 컴바이너 모듈의 냉각수 유량이 부족함
2. 냉각수 온도가 너무 높음","1. 냉각수 회로 내 호스가 꺾이거나 눌린 부분이 없는지 확인하십시오.
2. 컴바이너 냉각 회로의 연결 상태를 점검하십시오.
3. 칠러의 수위 상태를 확인하고 부족할 경우 냉각수를 보충하십시오.
4. 냉각수 회로의 수온을 확인하십시오.
5. 문제가 지속될 경우 해당 IPG 서비스 부서에 문의하십시오.",냉각 호스/냉각수 밸브/스트레이너,LSS Controller,,,
11223,컴바이너 모듈의 동작 온도가 경고 한계값인 38°C에 도달하면 이 메시지가 활성화됩니다.,컴바이너 과열,"1. 컴바이너 모듈의 냉각수 유량이 부족함
2. 냉각수 온도가 너무 높음","1. 냉각수 회로 내 호스가 꺾이거나 눌린 부분이 없는지 확인하십시오.
2. 컴바이너 냉각 회로의 연결 상태를 점검하십시오.
3. 칠러의 수위 상태를 확인하고 부족할 경우 냉각수를 보충하십시오.
4. 냉각수 회로의 수온을 확인하십시오.
5. 문제가 지속될 경우 해당 IPG 서비스 부서에 문의하십시오.",냉각 호스/냉각수 밸브/펌프,LCI Chiller,,,
12256,컴바이너 모듈의 동작 온도가 알람 한계값인 40°C에 도달하면 이 메시지가 활성화됩니다.,컴바이너 과열,"1. 컴바이너 모듈의 냉각수 유량이 부족함
2. 냉각수 온도가 너무 높음","1. 냉각수 회로 내 호스가 꺾이거나 눌린 부분이 없는지 확인하십시오.
2. 컴바이너 냉각 회로의 연결 상태를 점검하십시오.
3. 칠러의 수위 상태를 확인하고 부족할 경우 냉각수를 보충하십시오.
4. 냉각수 회로의 수온을 확인하십시오.
5. 문제가 지속될 경우 해당 IPG 서비스 부서에 문의하십시오.",냉각 호스/냉각수 밸브/스트레이너,LSS Controller,,,
12256,컴바이너 모듈의 동작 온도가 알람 한계값인 40°C에 도달하면 이 메시지가 활성화됩니다.,컴바이너 과열,"1. 컴바이너 모듈의 냉각수 유량이 부족함
2. 냉각수 온도가 너무 높음","1. 냉각수 회로 내 호스가 꺾이거나 눌린 부분이 없는지 확인하십시오.
2. 컴바이너 냉각 회로의 연결 상태를 점검하십시오.
3. 칠러의 수위 상태를 확인하고 부족할 경우 냉각수를 보충하십시오.
4. 냉각수 회로의 수온을 확인하십시오.
5. 문제가 지속될 경우 해당 IPG 서비스 부서에 문의하십시오.",냉각 호스/냉각수 밸브/펌프,LCI Chiller,,,
11224,레이저 발진 허가(Enable) 상태임에도 불구하고 하나의 레이저 모듈에서 발진이 감지되지 않을 경우 이 메시지가 활성화됩니다.,레이저 모듈 발진 없음,1. 레이저 모듈 내부 이상,1. 해당 IPG 서비스 부서에 문의하십시오.,레이저 모듈,LSS Controller,,,
12257,레이저 발진 허가(Enable) 상태임에도 불구하고 하나의 레이저 모듈에서 발진이 감지되지 않을 경우 이 메시지가 활성화됩니다.,레이저 모듈 발진 없음,1. 레이저 모듈 내부 이상,1. 해당 IPG 서비스 부서에 문의하십시오.,레이저 모듈,LSS Controller,,,
12005,하부 프레셔 피스 홀더의 온도 스위치가 동작할 경우 이 메시지가 활성화됩니다. 하부 프레셔 피스 홀더의 온도 스위치 사용 여부는 옵션 사양에 따라 달라집니다.,하부 프레셔 피스 온도 스위치 트립,"1. 하부 프레셔 피스 홀더의 온도가 임계값을 초과함
2. 용접 툴 내부 IG420 제어 보드의 점퍼 J7 ""TSWITCH""가 올바르게 장착되지 않음 (온도 스위치 미설치 구성에서 해당)","1. 하부 프레셔 피스 냉각 상태와 워터 호스 꺾임 여부를 점검하고 필요 시 문제를 조치하십시오.
2. 설정 파라미터를 점검하고 필요 시 적절한 값으로 설정하십시오.
3. 용접 툴 커버의 육각렌치(4mm) 볼트를 풀어 커버를 제거한 후 IG420 제어 보드의 점퍼 J7을 장착하고 커버를 재조립하십시오.",프레셔 피스,Picker,,,
13033,하부 프레셔 피스 홀더의 온도 스위치가 동작할 경우 이 메시지가 활성화됩니다. 하부 프레셔 피스 홀더의 온도 스위치 사용 여부는 옵션 사양에 따라 달라집니다.,하부 프레셔 피스 온도 스위치,"1. 하부 프레셔 피스 홀더의 온도가 임계값을 초과함
2. 용접 툴 내부 IG420 제어 보드의 점퍼 J7 ""TSWITCH""가 올바르게 장착되지 않음 (온도 스위치 미설치 구성에서 해당)","1. 하부 프레셔 피스 냉각 상태와 워터 호스 꺾임 여부를 점검하고 필요 시 문제를 조치하십시오.
2. 설정 파라미터를 점검하고 필요 시 적절한 값으로 설정하십시오.
3. 용접 툴 커버의 육각렌치(4mm)를 사용하여 볼트를 풀고 커버를 제거한 후 IG420 제어 보드의 점퍼 J7을 장착하고 커버를 재조립하십시오.",프레셔 피스,Picker,,,
12254,레이저 모듈 중 하나에 전압이 공급되지 않을 경우 이 메시지가 활성화됩니다.,레이저 모듈 전원 공급 이상,"1. 차단기 트립
2. 케이블 이상 또는 미연결
3. 전원 공급 고장","1. LSS 컨트롤러 내부의 FM1~FM4 차단기를 점검하십시오.
2. 레이저 모듈의 메인 전원 연결 상태를 점검하십시오.
3. 문제가 지속될 경우 해당 IPG 서비스 부서에 문의하십시오.",레이저 모듈/파워 서플라이,LSS Controller,,,
12226,LSS 컨트롤러 기동 시 파이버 단선 감시 기능의 기능 점검이 실패할 경우 이 메시지가 활성화됩니다.,피딩 파이버 진단,"1. LSS 컨트롤러 기동 시 하나 이상의 안전 회로가 열려 있음
2. 피딩 파이버 손상","1. 모든 안전 회로를 닫은 후 LSS 컨트롤러를 재시작하십시오.
2. 피딩 파이버의 손상 여부를 점검하고 필요 시 IPG 서비스에 의뢰하여 교체하십시오.",세이프티/피딩 파이버,LSS Controller,,,
11610,학습 용접 최대 횟수를 초과할 경우 이 메시지가 활성화됩니다.,학습 용접 최대 횟수 도달,1. Learning Panel의 최대 용접 횟수(20회)에 도달하여 이후 용접 데이터가 Learning Panel에 저장되지 않음,1. Learning Panel에서 불필요한 용접 데이터를 삭제하십시오.,공정 모니터링,LSS Controller,,,
11019,용접 툴의 커버가 열려 있을 경우 이 메시지가 활성화됩니다.,용접 툴 커버,"1. 용접 툴 커버가 열려 있거나 제대로 닫히지 않음
2. 센서 이상","1. 커버를 닫으십시오.
2. 센서를 교체하십시오.",커버 센서/프레셔 피스/PILZ 세이프티 모듈,Picker,,,
